{"k1":[-2.34279608672247,-0.167261828100046,1.30015910068356,-2.34279608672247,-0.167261828100046,2.29168735724505,1.30015910068356,1.96860718182965,0.739420758495534,-10.1508213788907,1.96860718182965,1.04846228746223,1.30015910068356,1.96860718182965,-0.719307425122528,-2.34279608672247,1.04846228746223,-0.167261828100046,1.30015910068356,-0.719307425122528,-0.376922942360174,2.29168735724505,1.04846228746223,1.30015910068356,1.96860718182965,2.41297326033731,1.30015910068356,-10.1508213788907,1.96860718182965,3.04119597900839,7.1160151023886,3.04119597900839,20.9997047669892,3.43966844201595,3.04119597900839,7.1160151023886,-1.71703936548022,-0.167261828100046,2.41297326033731,1.30015910068356,-0.376922942360174,3.04119597900839,-2.34279608672247,2.29168735724505,2.41297326033731,1.30015910068356,-10.1508213788907,1.96860718182965,20.9997047669892,3.04119597900839,7.1160151023886],"k2":[1.30015910068356,-10.1508213788907,-10.1508213788907,1.96860718182965,1.96860718182965,-0.719307425122528,-0.719307425122528,-0.719307425122528,-0.376922942360174,-0.376922942360174,-0.376922942360174,20.9997047669892,20.9997047669892,20.9997047669892,20.9997047669892,7.1160151023886,7.1160151023886,7.1160151023886,7.1160151023886,7.1160151023886,7.1160151023886,-1.71703936548022,-1.71703936548022,-1.71703936548022,-1.71703936548022,-0.863118376656596,-0.863118376656596,-0.863118376656596,-0.863118376656596,-0.863118376656596,-0.863118376656596,-0.258879603667066,0.530143690801003,0.530143690801003,0.530143690801003,0.530143690801003,0.530143690801003,-1.28370424070726,-1.28370424070726,-1.28370424070726,-1.28370424070726,-1.28370424070726,-0.59831975111137,-0.59831975111137,-0.59831975111137,-0.59831975111137,-0.59831975111137,-0.59831975111137,-0.59831975111137,-0.59831975111137,-0.59831975111137],"X":[0.569541241021563,0.572946039503552,0.584623272094983,0.523335760544799,0.541216271531115,0.459476553181015,0.551759515787587,0.482068202322525,0.53550936455579,0.570991349175854,0.552197773316348,0.491183812357025,0.493990384922489,0.501804365913272,0.499361845879141,0.547290203642183,0.522491155171898,0.55968903754124,0.533352524988755,0.538096720473822,0.56260971063506,0.345525721499953,0.378793975542899,0.369845263365895,0.352012824570595,0.630447985758216,0.613152951419708,0.577978183131214,0.532508616731514,0.635857769129038,0.554987764659026,0.605444248508518,0.485621658093947,0.534628875789592,0.543694249773154,0.502739473690939,0.403536558819033,0.617358566740919,0.649961881348697,0.643886243105857,0.606558426941004,0.652011043615059,0.550739379896537,0.478643471472113,0.615365824510817,0.586817915853649,0.584187105222116,0.504712337783626,0.502149978601506,0.623772561419468,0.546510226305532],"Y":[0.608818531434229,0.746961073626507,0.628427571391129,0.717068550280322,0.752268252622767,0.652079279760632,0.585699459545421,0.635828938787381,0.780176760037791,0.766802785994017,0.773886515904452,0.451653203030691,0.510590398312585,0.674681692173889,0.623389492569685,0.660948174732154,0.484477771292738,0.749178464009849,0.561767442942122,0.595527209662541,0.769962017854614,0.390939599449582,0.333816697637046,0.349181988715313,0.379800988109361,0.65059303164228,0.665520693604754,0.695880682509191,0.735126300847379,0.645923748201193,0.715724135179563,0.553430271582579,0.334849605637623,0.360830472902679,0.365636423724816,0.343924507576662,0.291332708148252,0.739532553130242,0.697679539907125,0.705478862484462,0.753396738391625,0.695049021615899,0.652867458101039,0.696003864085688,0.61420017984421,0.631280957446717,0.632855023408998,0.680406346482428,0.681939456590535,0.609170263109367,0.655397844225021],"dol_1":[0.218758260097929,0.160486658274007,0.643874650869242,0.218758260097929,0.160486658274007,0.585734173941884,0.643874650869242,0.653207659629256,0.0765770432082726,0.24791906934879,0.653207659629256,0.463843936337581,0.643874650869242,0.653207659629256,0.726803392467228,0.218758260097929,0.463843936337581,0.160486658274007,0.643874650869242,0.726803392467228,0.707922331656072,0.585734173941884,0.463843936337581,0.643874650869242,0.653207659629256,0.189130835476822,0.643874650869242,0.24791906934879,0.653207659629256,0.597274185917314,0.645674239795784,0.597274185917314,0.594536388219626,0.40892480435308,0.597274185917314,0.645674239795784,0.945542884113084,0.160486658274007,0.189130835476822,0.643874650869242,0.707922331656072,0.597274185917314,0.218758260097929,0.585734173941884,0.189130835476822,0.643874650869242,0.24791906934879,0.653207659629256,0.594536388219626,0.597274185917314,0.645674239795784],"dol_2":[0.643874650869242,0.24791906934879,0.24791906934879,0.653207659629256,0.653207659629256,0.726803392467228,0.726803392467228,0.726803392467228,0.707922331656072,0.707922331656072,0.707922331656072,0.594536388219626,0.594536388219626,0.594536388219626,0.594536388219626,0.645674239795784,0.645674239795784,0.645674239795784,0.645674239795784,0.645674239795784,0.645674239795784,0.945542884113084,0.945542884113084,0.945542884113084,0.945542884113084,0.391247834988704,0.391247834988704,0.391247834988704,0.391247834988704,0.391247834988704,0.391247834988704,0.217235289534261,0.600371674872884,0.600371674872884,0.600371674872884,0.600371674872884,0.600371674872884,0.381763133725026,0.381763133725026,0.381763133725026,0.381763133725026,0.381763133725026,0.932636767896437,0.932636767896437,0.932636767896437,0.932636767896437,0.932636767896437,0.932636767896437,0.932636767896437,0.932636767896437,0.932636767896437]}
