{"k1":[0.0159611047568501,45.1657614720892,24.0876595794463,24.0876595794463,-0.70330895846637,45.1657614720892,0.0159611047568501,24.0876595794463,-0.70330895846637,0.0159611047568501,-0.70330895846637,0.821344374804777,0.51078676167627,0.124945461699701,0.904898142614097,24.0876595794463,-0.70330895846637,0.124945461699701,0.51078676167627,0.124945461699701,0.904898142614097,24.0876595794463,10.505713318011,-0.70330895846637,0.124945461699701],"k2":[24.0876595794463,0.821344374804777,0.821344374804777,0.51078676167627,0.51078676167627,0.904898142614097,0.904898142614097,0.904898142614097,0.904898142614097,4.22991723542894,4.22991723542894,4.22991723542894,4.22991723542894,4.22991723542894,4.22991723542894,1.55590372635352,1.55590372635352,1.55590372635352,-2.63997866249771,-2.63997866249771,-2.63997866249771,1.41807906250454,1.41807906250454,1.41807906250454,1.41807906250454],"X":[0.402744775204221,0.415132608669358,0.410346496457199,0.402571634881716,0.276007424946157,0.414497012799218,0.23659468315321,0.409115757844489,0.212688188365344,0.319473271123829,0.299596079599424,0.351685745669972,0.307296504432747,0.280069461530564,0.34163069170875,0.402180953596563,0.338452691479048,0.304927565937603,0.218926440195549,0.247017417973766,0.196546486098272,0.401357675020838,0.408806984999784,0.343110044852685,0.308994790310045],"Y":[0.245572052620129,0.432610772722343,0.428679726379703,0.241401507472152,0.176754184535052,0.403903601258935,0.242920113595543,0.399034113645468,0.221287170865589,0.244242947420241,0.16016407239924,0.380499048698788,0.192736232121839,0.0775680940801292,0.33796700264505,0.231990909671325,0.132835869168649,0.0806740014122461,0.147597973180996,0.0734383912378065,0.206680574465486,0.212160055600193,0.222723766111442,0.129560310818227,0.0811821826392972],"dol_1":[0.227880938840535,0.425621155300965,0.579619699855818,0.579619699855818,0.260686770663432,0.425621155300965,0.227880938840535,0.579619699855818,0.260686770663432,0.227880938840535,0.260686770663432,0.735914320092503,0.441711357146658,0.381690729386045,0.990172656240545,0.579619699855818,0.260686770663432,0.381690729386045,0.441711357146658,0.381690729386045,0.990172656240545,0.579619699855818,0.154298276050182,0.260686770663432,0.381690729386045],"dol_2":[0.579619699855818,0.735914320092503,0.735914320092503,0.441711357146658,0.441711357146658,0.990172656240545,0.990172656240545,0.990172656240545,0.990172656240545,0.667835938768061,0.667835938768061,0.667835938768061,0.667835938768061,0.667835938768061,0.667835938768061,0.266755728996434,0.266755728996434,0.266755728996434,0.236074518592191,0.236074518592191,0.236074518592191,0.841678848377633,0.841678848377633,0.841678848377633,0.841678848377633]}
