{"X":[0.0303672651517462,-0.530712063181254,0.401382697179674,0.66873154799125,0.0371009271909274,0.640507953558868,-0.78155855652735,0.117861022644339,0.858072376194868,-0.520889291298751,0.0967474610058951,0.0886095071634366,-0.429059015044565,-0.476326549268984,-0.835850437669296,-0.00730381391395999,-0.111217917726605,-0.720831672681944,-0.318199141495105,-0.742574761052113,0.0736477303116985,-0.128807481169873,0.464709115247392,0.395865871942624,0.106997865853199,0.56787996501655,0.336065028524346,-0.0694556148979643,0.529548529077316,0.934267916543191,-0.0646630282956804,-0.794731056413853],"Y":[-0.965825110584074,-0.625123332472185,0.376548140326344,0.484923566335852,0.4734628922101,0.0997702631152297,0.610842215216572,0.467244927192604,0.0276108097641866,-0.0520211672485798,-0.17737240025564,-0.515845879008418,0.437187672107085,0.794388909364561,-0.474741770198405,-0.711916623283132,0.284001315395328,-0.0295155745750121,-0.557791538398058,0.0179393345970323,0.982416085174112,0.78418929209611,-0.1947069129676,0.841399407111781,0.788229944372562,-0.400726857210245,0.137973320010249,-0.190966253494037,0.483035034349518,0.12029696798862,-0.759043863895814,-0.373910149823861]}
