{"X":[-0.500682008138839,0.393501881547173,-0.32748878285572,0.208543026253601,-0.663023369407463,-0.805161201845768,0.302859400913403,-0.608319239829406,0.192146214407291,0.686471098094751,0.772707117887517,0.329580873045203,0.611519116776592,-0.280102095651236,-0.00378148197464734,0.312619945045744,0.649091848325866,0.517906449940256,0.179753900580042,0.733352660739005,0.602290513470434,0.373914015396487,-0.145075655382623,-0.09941819307467,-0.149311619676152,0.641998578644672,-0.563748385070902,-0.264998151646301],"Y":[0.575543712936678,-0.906158019623773,-0.506659337224403,0.0860672128091512,0.720282310071181,-0.464989218215747,-0.831635537054172,-0.596461404869083,-0.92511801816028,-0.158183338498318,0.225897612441793,0.0706762354782977,-0.242750075981662,0.955462918288415,-0.538452413645854,-0.203012041390138,0.442946308943304,-0.348173657802437,0.281585549284309,-0.275245645453981,-0.608191017121269,0.791106091721915,0.869953999454808,-0.962724084111222,0.45190284623876,0.269032114127147,-0.80205692769961,0.883878803451072]}
