{"X":[-0.612015335186838,-0.268843023805243,-0.289727771381855,-0.127287320934769,0.0803723384229645,0.163096081122519,0.666016387074398,-0.830974292581125,0.502635663953317,-0.346536163315574,-0.679814804823839,0.0858313576964129,-0.536488808053733,0.129119248091668,0.786993114066303,-0.263819734184604,-0.405709966194096,-0.0400611787904953,-0.59513704625774,0.153834104059504,-0.851028864076549,0.53784944443891,-0.819733361778176,-0.941711391362806,-0.0559064493222356,0.605817806953851,-0.501358927902869,0.39254063282777,0.0041205596505935,0.259341814858322,0.288600576440252,0.0956410028430078,-0.689511239956224,-0.284355285200526,-0.0238776526905796,-0.727206943039413,-0.394099532526032,-0.79218882555869,0.0383697442279166],"Y":[-0.0402946929347164,-0.69975648586119,0.709847987250078,-0.607236591917316,0.222515772882719,-0.579222025810216,0.701697599933448,-0.0235186645805631,0.0384588616061262,0.931118342190672,-0.178359346260535,0.624535811535095,-0.291135115006752,-0.872868628936252,-0.0399818286684604,-0.129346939783824,-0.743191621469757,-0.0981403017540164,-0.788733021041353,0.600775610978277,-0.408736768578568,-0.195358683255375,-0.141112101378935,0.294412369547909,-0.487827803645862,-0.0052930072642724,-0.578877568477101,-0.879408265274968,0.291091250947385,0.916243098493864,-0.502842093146418,-0.650499184821334,0.514777239565334,0.898350558099702,-0.822957351258364,-0.552471022776313,-0.553238456042782,-0.570593588603364,0.858837268047745]}
