{"X":[0.116824862594861,-0.817232344978806,0.508206040027096,0.553689238978574,0.718064039400598,-0.109335690095175,0.754607519122099,0.489537087890966,-0.345634150311232,-0.628554434122013,0.791758918980974,-0.513347751053702,-0.922749714834552,0.649355708282981,-0.593192142703179,-0.231512130735652,-0.281180745847166,-0.678471061317567,0.570586695769301,0.705974620768608,-0.409742482584092,-0.611821917428391,0.0181823856368451,0.907714213854127,0.764080769362166,0.130393476660689,-0.454063279197453,0.108367298348502,-0.408616493117776,-0.55278579267147,0.0241409837879033],"Y":[-0.126328579894177,-0.401163478505196,0.552437330573687,0.446457476980877,-0.255020119417113,0.786634600315295,-0.181148565787121,0.457606195293061,0.303304975711375,0.286916380639679,-0.0189706063556191,-0.487854877954097,0.125717499951107,-0.689996989110642,-0.211834137796197,-0.384127939402633,-0.209734841432861,-0.109653145641837,-0.0195365334095704,0.159956524975346,-0.277560395596829,0.103311135496447,-0.316138978603055,0.374424013784325,0.0236450003882658,-0.922931754661344,-0.442587287724554,0.607168248290835,0.177815474730791,0.477980848648832,0.0483756546168635]}
