{"X":[-0.651197679060585,-0.355582805990344,0.663878417636646,0.166357312706859,0.372849254062918,0.580317438526027,0.136801186418999,0.849420348384498,-0.0526127274638188,-0.494240553758277,-0.345762603446073,-0.103842324501402,0.401661610945948,0.586595936457361,0.950479619581184],"Y":[0.546679009815171,0.627926706980053,-0.422285567535738,0.41280152240061,-0.497451735499445,-0.140020960381897,-0.934423887614386,-0.11135143382355,-0.261217309910601,-0.802834328223371,-0.433003541431434,-0.0420628575600676,-0.798420063518936,-0.10995480938503,0.170659167896658]}
