{"X":[-0.0505950623691135,0.946624379291631,0.514939465488967,0.0288127430406717,-0.516442975108507,0.377030138564219,-0.172425405602968,0.286184856631559,0.586811168151661,0.929708944937088,-0.243971875599983,-0.202075203775448,0.380234105890741,0.0199753286322754,-0.528179464495746,-0.197822528227141,-0.318928671975153,-0.542707574945099,-0.681064970934952,-0.309329063550667,0.51034688849526],"Y":[-0.185253891755089,0.0634666527553941,0.0414544869812315,-0.578091153262018,-0.446359850824681,0.434568901648592,-0.618392882357026,-0.445161359078395,0.528146521917121,0.355730176689637,0.0108262031740476,0.34968897079595,0.710831053436116,0.126066281263129,0.790327577256969,-0.577739474889261,-0.0451388184884282,0.644514984181385,0.280101405273422,-0.546526162086108,0.463309017768852]}
