{"X":[-0.211325331966011,0.332941726314852,0.472639327424047,0.351908904285161,-0.0175096303097797,0.31035368554187,-0.893547662895928,0.518402526472781,-0.248113989764779],"Y":[0.597216594215565,-0.65441247801098,-0.376021618090524,0.0438177793615819,0.627491834707251,-0.0966625252866699,-0.394477224921523,-0.388810400909329,0.96479372819498]}
