{"X":[0.384120299840982,-0.324306039948109,0.84838576239084,-0.227944726944167,0.746090872406103,-0.925666518675615,0.893394272381032,-0.582915321231898,-0.251759825428412,-0.552537927538189,0.704192364007893,0.636909002643799,0.453973253978867,0.497563197392117,0.407605501565766,0.687304428796848,-0.817512168975552,-0.210351126978505,-0.606243561675388,0.691502101041861,-0.367859387011129,-0.357195699004658],"Y":[0.444785751356032,-0.450846667923454,0.155443513089575,0.254913194681754,-0.363003035938321,0.0200760316931706,0.389416841814932,0.771297712082249,0.751920587005611,0.0626389653477244,0.657388241449638,0.183436970385697,-0.373087209463637,0.165459401583497,-0.441507829850836,0.403613890038331,0.1561701802067,0.749226892911367,-0.536840592866454,-0.388053141666968,0.0266873042125405,0.6225191864433]}
