{"X":[0.535977496462684,0.738042521209676,0.81237167960401,-0.578055582322464,0.0771092652885252,0.62585227855589,-0.706097943457005,0.378803212351171,0.76403217327659,-0.0610547190949685,-0.321437069639694,-0.12910805671356,-0.524376407606004,0.0151597753748201,0.233434054647752,0.236346785345694,-0.141129822863241,0.263951497371992,-0.130931313383645,-0.329997535040607,0.614191088649343,-0.0579391453342172,0.0807590790268892,0.0910574586170949,0.0156598668694076,0.753789414822792,-0.369417624083153,0.795973440892021,-0.0136797376117475,-0.328397588849789,-0.210125577343461,-0.573499582790706,0.703026252544257],"Y":[0.543882241233197,-0.0575415946158002,-0.552120540316692,0.483402934769446,-0.0197259133022783,0.273732205181663,0.534885832011799,-0.688970553651946,-0.55948168156334,0.89746353114683,-0.794717111814447,0.330664369537718,0.614112551834972,-0.112745454423964,-0.828554485386872,0.545600156252459,-0.866384424052671,-0.558551365470663,-0.754180168933528,-0.536417333614926,-0.169416353836535,-0.18660078447938,-0.900466057582857,0.994807982997743,-0.887002004850695,-0.508386569109791,0.0553618071176106,-0.314616859270527,0.998001313422943,0.567668617623858,-0.867474855552648,0.278742492182889,0.163473268061488]}
