{"X":[0.151391035463972,-0.404886023885365,-0.548818873863789,-0.550090713136086,-0.795229057697347,-0.560396901870124,-0.436075557174867,0.91363914059979,-0.0504220623262691,0.0961641943577792,-0.256133215632948,0.746273110858289,-0.793349242394977,-0.828559087790033,0.791433835276809,0.854308225758282,-0.0928142181698622,0.102861936181113,0.0418499311860537,-0.105525876219648],"Y":[0.234697257769792,-0.0874814558073908,-0.301995886464835,-0.0412655343000613,-0.505891265435227,0.243611580397959,-0.247735388667312,0.391824747845393,0.308196055354885,0.540901101038516,-0.790047517148062,-0.41894479305019,-0.087402095129792,-0.40578600401466,-0.453069895271959,-0.0721784541488013,-0.786731586566009,0.433306416489993,-0.263341846543875,0.698846144228294]}
