{"X":[0.0799420717806524,-0.0129538153685455,-0.25134097759431,0.30997630294717,-0.155653525103706,0.118465622652865,-0.577936859995201,-0.72967173048077,-0.289140873989442,0.580079485718572,0.15104643031385,0.655882721147937,0.081305005000908,0.505901390800632,0.281081349470496,0.506310052002172,0.48653315374479,0.714015042086497],"Y":[-0.447572452668083,0.587937751130344,0.633668993273388,0.0273095659919285,-0.944056432452358,-0.108781371626812,0.385244932589956,-0.263428682361022,0.301316376592292,-0.662965983979096,0.434812270696012,0.333348752248985,-0.0367885708400195,-0.634083573306275,-0.209493449249715,-0.57558599934737,0.0881122475551538,0.0356265933208454]}
