{"X":[-0.741984887360884,-0.0534380183035658,0.55890235438351,0.233250318320439,0.317235879446102,-0.745430114400632,-0.0415775138733464,0.017950237454506,-0.433867893030996,-0.153190792841083,-0.465170521082644,-0.177561969499764,-0.226356667250578,0.0402695933489211,0.145214562211077,0.126481873525573],"Y":[0.16437704621784,-0.408799345979765,-0.353718620825542,0.188652420740274,-0.0924358909357821,-0.395415690172648,-0.825743275820524,0.732160507644808,-0.544252879679747,0.590718711208478,0.44291250247575,-0.727699186064199,-0.648768060462343,0.324178114534983,0.328535839561733,-0.675912519045467]}
