{"X":[-0.453709280020308,-0.859351056188251,-0.572986758723673,-0.176659425925637,-0.119857325287095,-0.213002240990078,0.945939341886331,0.240797090713295,-0.649815513099429,-0.52458150968327,-0.436723967178506,-0.841684770444488,0.670656598233316,0.66923468657546,-0.440110380112148,0.216977265043961,-0.0132514247946344,-0.342581601595497,-0.93992303847854,-0.281677908932604,-0.560523873365837,-0.54951838487829,-0.399366249979286,-0.242995969400938,0.809611849107742,-0.434740000935698,0.594074353502387,-0.293508757500192,0.0528588166260392,-0.834531490380817,-0.0865084579976988,0.452378860787258,-0.0684866910588946,-0.296514140067846,-0.186265628792851,-0.444130797002543,-0.365961161254055,-0.497526192708097,-0.686957805438102,-0.263597560512343,-0.946171930255053,-0.0833206759058049],"Y":[-0.669956597264237,0.235100577779861,0.111048261863036,-0.147098532903925,-0.271717337133835,0.161186019092842,-0.206750328335338,0.326890045303206,-0.733810123700442,0.431763143482527,-0.0657916954044738,0.286743278078271,-0.096040476757856,-0.564296507444654,-0.840315853773097,0.720739244040588,-0.0315380515926872,-0.454641695642482,-0.21287532606203,-0.0496428895564906,-0.585575155038867,0.513989464602466,0.598062544692994,0.635171841224653,0.264067551435921,-0.15627446294758,-0.405489326770186,-0.812564796861104,-0.0390057966434925,-0.231116828935814,0.74722198727786,0.740300025594859,0.0847708203682795,0.396315531916553,0.795622158639957,-0.682444176851397,-0.505739858211467,-0.783824840132259,-0.410247933768747,0.243536147407193,0.00707347642877724,-0.167781741722839]}
