{"X":[0.995961246646793,-0.116467903583068,0.426595675079137,0.564937372901295,-0.000609987796657132,-0.231746983764911,0.91853284384294,0.828879270483886,-0.571675442792649,0.337219297179233,0.231783790915437,0.0861104521019623,0.439180567232874,0.181368019476255,-0.246912301567088,0.390160403966086,0.150282516502106,-0.424294889863034,-0.312162025266747,-0.706032578552523,-0.498390112282121,0.18770928868733,0.369991170281829,-0.348383908766529,0.979162484710073,0.302641350332045,-0.42581791159077,0.895404377348951,0.0436790705712482],"Y":[-0.021463832219481,-0.982252977469764,-0.248524440282689,0.69798661553267,0.366843527218696,-0.188690633749148,-0.0384938965191287,-0.286487552519652,0.18468247202948,0.219223996055289,-0.281936644254835,-0.0923113365946594,0.334671184016832,0.841741437545259,0.480243743129597,-0.671874553751019,0.212732379447699,-0.70622179799679,-0.0538954586985475,-0.16432947894384,0.317700068536956,0.340979652897028,0.703935180594126,-0.891424045088404,-0.142933735038029,0.898475009786959,0.222945096499623,-0.116078351021628,-0.0413051911429987]}
