{"X":[-0.244766333612774,0.610607386675534,0.147157292154154,0.606712670265241,0.349946256137596,-0.571424807772882,-0.403067467260835,0.293718702384389,-0.653003146724819,0.0451978018221914,0.295121836868112,-0.896638052711934,0.520169723762457,0.891193387889507,0.0583114212762415,0.0286661330892194,-0.241397330675374,0.231492938060872,0.506077680366313,0.4932596862862,0.207388112501631,0.385517515661107,-0.857583252630379],"Y":[-0.0828513513762159,0.27430360260109,-0.835035630759898,0.741212992067328,0.064606402174769,-0.273422566174916,0.30756912178089,9.45752689538348e-05,0.371586029687479,-0.454713321266411,0.399481294071116,-0.237721008389376,0.211680242156314,-0.328719023166068,-0.380400369552536,0.454135677048164,0.186368460145511,0.793330693659161,-0.43938601861918,-0.634177748498643,0.862505178557662,-0.0730426651575162,-0.209811324760942]}
