{"X":[0.438027319591038,-0.785677977600679,-0.239564970075055,-0.0670978029579693,0.302515510199584,-0.436009830233047,0.100160424491156,-0.52177867966022,0.435339163325617,0.319296771855388,-0.166724461484393,0.980169084611991,0.818893218375674,-0.329243978172083,-0.209054931314534,0.719438970558993,-0.76823998877643,-0.814602400448983,-0.617488805270613,0.856682020519011,-0.446135984214099,-0.743628787282788,0.651115923158018,-0.881211769796946,-0.638111816681075,-0.789030595004424,-0.639484904788558,0.69530247885049,-0.363235028728373,0.136385392847526,-0.774701832102239,0.861706235631873,-0.519696997844519,-0.196133511413441,0.145478152638798,-0.345029961523231],"Y":[0.777481197072082,-0.496544716749183,-0.404335077983523,-0.370600384216618,-0.402270623002992,0.456076761918103,-0.685487866395034,-0.351302552930751,0.621458996840789,0.916218333689317,-0.797507139104018,-0.0227993213531996,-0.3796238102185,-0.930175852256502,-0.350073681758059,0.129482443977556,0.395056473950721,0.148091584081731,-0.0589731055314347,-0.223165775897885,0.893935134981202,-0.470288239888402,0.636190232096359,-0.00888865794007598,0.719074393516263,0.0621490788279478,0.502279206286336,0.229655410052502,0.60837257009875,-0.550056133877818,-0.470641254063342,-0.0647425566221132,-0.704515878320552,0.367311112020394,0.124450383468086,-0.806192990990689]}
