{"X":[0.663682817936862,0.239479284185076,-0.36647978417003,-0.13750155153992,-0.874526234368253,-0.422278103576578,-0.291327399958744,-0.926447933447157,-0.478610381406479,0.294007994316461,0.597071674544592],"Y":[0.223205643888743,0.590272216657864,-0.0862241875936344,-0.0629428988376695,0.048529622783856,0.761612364732768,-0.828604137960214,-0.174977010048339,0.307038858387533,0.333114246364782,-0.454552789325363]}
