{"X":[0.174652110000014,-0.572425308151493,-0.633317517714117,0.530307173692525,0.575681145963574,0.549681334051461,0.637324438669268,0.324873284663133,-0.346803651078711,0.533309515290242,-0.00118923971170397,-0.558697236264236,-0.0126951195600649,-0.864417024411062,0.334086939788928,0.318160563474092,-0.758172678257931,0.56449544623265,0.0552196554066848,0.415240488515495,0.750676820615983,-0.289017174747575,-0.559665367945997,0.350926444540719,0.789289895459639,0.0507578923418953,-0.817263804488913,0.510395925058683,-0.584407279922703,0.573608711751094,-0.510798649650407,-0.826609845273256,0.187748425515076,-0.268909971396158,0.219432047849433,-0.0511596242881078,0.500146391449834,-4.86092839717381e-05,0.282466619335102,0.0983935549568048,0.100103942679112,-0.208627063083001,-0.809508773195344,0.0303421570951085],"Y":[0.0700451689757234,-0.588410962908904,-0.19997736780586,0.823629601237693,-0.221846734707944,-0.142248185590994,0.710378036579488,0.902420416667843,0.0996417455062236,-0.691549368957947,-0.458121567415114,-0.774627080277841,-0.898638964051421,0.1889288477067,0.698552176264758,-0.0673470650660277,-0.214984742365273,-0.106850838020863,-0.935621284557147,0.131550330360659,-0.205762695210735,0.273732442694736,0.332505569222805,-0.825353361485689,0.207134779067393,-0.591125161057158,0.0442594846363986,-0.308522562587578,0.299817046121888,0.124139410732354,0.176677063806468,-0.128146569391214,-0.299833184014242,0.192320029241973,-0.861123340353132,-0.693068291342516,-0.788730398671749,0.690745437777685,-0.872856496723137,0.294980072976308,-0.975384906364585,-0.931372346161465,0.537492005576136,0.0996579344083451]}
