{"X":[-0.74557906543213,-0.119253483089562,0.582350168303196,-0.37358268874473,-0.472151955659969,-0.303118205066706,0.0815251338135664,0.773211669370551,-0.139514784631025,0.292342574156892,-0.357482792859254,0.693768425952608,0.00247921871031204,0.429430597448869,0.465773370255129,-0.461616586191822,-0.329987161095411,-0.394277047541387,-0.491666230653201],"Y":[-0.448130140240297,0.327252171986299,0.660680618503789,-0.723648875413229,0.454548857533955,0.737865353916214,-0.958121092431114,0.196791675214826,0.839808823915094,-0.880130450241212,-0.475936775710227,-0.208846778899111,0.116812663695986,-0.200974498747727,0.757849662375746,0.361528314689016,0.48926683661314,-0.415826156053035,-0.508005853890634]}
