{"X":[0.208903249449444,0.232200075381812,-0.861773269340248,0.587831022388453,0.0721101170535536,-0.529458067900811,-0.915314509430137,-0.672255379926757,-0.36695025948285,0.512292380094748,0.0909308392608665,-0.479678460525669,0.244045251002303,-0.885350591580879,-0.684892594322994,0.511826903023462,-0.205681426271864,0.471318694595604,-0.864291407596517,0.725274302125011,0.919491228934908,-0.217666810259849,0.463131238369133,-0.0996131974591819,0.798411111408698,0.193499064755869,0.626473970878754,-0.195401086523767,-0.605677661386326,-0.252531251798612,-0.014609140359079,-0.408442880616814,0.792266116710948,-0.878497975688833,-0.784422732286339,0.844262305369977,-0.192698405776375,-0.00491194307795492],"Y":[0.130472183546383,0.198009356083456,-0.386434691327866,0.557176700015284,0.0508722736193152,-0.468212943237746,-0.35684607154302,0.6486605507268,-0.387180986984087,0.286979556229226,0.655259708945182,0.041513344927461,0.630637254840407,0.368114744553878,0.519000817031243,0.669260123414061,0.119027734643523,0.0636992352686876,0.0804733966383599,-0.344660667177152,0.341583567298439,-0.164206405830981,-0.605357880674147,0.381564039334886,0.0294412508018687,-0.406233451429357,0.392381550047552,-0.549696757725494,-0.0783170672646856,-0.522335771979383,-0.233025290510411,-0.76666041772015,-0.295685390129257,0.455854342511312,0.590550271483725,-0.155771012885018,-0.975991977899185,0.867902470872017]}
