{"X":[-0.0775435288874775,-0.312934721681014,0.659041932594487,0.544902561018948,-0.424650344460119,0.576017666801823,-0.286693461741106,-0.805855749099726,0.852693749224471,-0.698561472180148,-0.176098773671699,-0.0691680129950418,-0.112242137185164,0.573631996922776],"Y":[-0.833838893545055,0.418358868676794,-0.100454090716975,-0.674092552766086,-0.87098351964461,-0.760462390593219,-0.893060263845103,0.551603614012929,0.108663579363011,-0.498359388829688,0.670552597397183,-0.389804233283018,0.565173206411718,0.137259015970233]}
