{"X":[0.436296544066438,0.56403651853278,0.876562293610859,-0.2310097353045,-0.591975088951556,0.456825833283777,0.0201214815131262,-0.992197782726746,-0.0435256110150395,0.342671740595688,0.215402846455126,0.888577393425916,-0.888587686855449,-0.220504789347524,-0.520568039392521,-0.210866326868639,-0.484578939996898,0.873734267681954,-0.486570629173035,0.772622569868698,0.606507218582921,0.837821021510047,-0.328635556178051,-0.28434207806805,0.292494488839506,-0.0334268254893681,-0.0185206305255827,0.679344405138455,0.501929189478812,0.0772494708155667,-0.466854320313924,-0.55396307299766,-0.880535679758263,0.0207992105308044,-0.696812041617981,-0.630555300937331,-0.27596449066146,-0.510079966378815,0.0297496124201765,-0.0954786080207081,0.53855108422467,0.160291374084307,0.546654679272786,-0.638691564520002,0.263985657511849,0.153450866812923,-0.0485509892009003,-0.0293517096449477,-0.546110394004055,0.187038016661933],"Y":[-0.846740156757219,0.503154994001341,0.342154214259672,0.725071381274405,-0.567044348515435,-0.634904176518666,0.387809063312938,-0.0658942615436719,0.280770237192173,-0.24972146324502,-0.139620483393212,-0.211942125007191,0.369626324259366,0.110505884234376,0.659663267470337,0.0396407265492462,0.100796128198441,-0.0898583405780737,0.41016444860572,0.460843505298223,0.150874572678979,0.00299702728332371,-0.284924651487769,0.654613896433145,0.420003073695674,0.42083585152602,0.748876092314811,0.0856352645560598,0.674776187147112,-0.136536470202387,-0.73783473487589,-0.154119913428562,-0.185180682877763,0.691161103216088,-0.0712744205574493,0.642559248461653,-0.698895362335475,0.159985405965645,0.773544483322601,0.643170111096398,0.314062974685527,-0.166403375193077,0.435816489919612,-0.325243186606394,0.573100387982737,0.131693215531235,0.153981159911949,0.959612241872603,0.815138899449015,0.859072152275771]}
