{"X":[0.815475880391831,-0.158884086739796,-0.420606875431288,0.913168692774955,0.287286220355134,-0.234525374199528,-0.954247738868976,-0.512072648020579,-0.620360664404247,-0.467462623553962,0.738861670685413,0.389853908083803,-0.700176619762483,0.408914097572865,0.535350786017268,-0.511929830519069,0.225112508884269,-0.291688774852563,0.833572294727313,-0.689011691261921,-0.321575834212632,0.263756817805914,-0.747681991250249,-0.29731032035349,-0.831344370108754,0.617135841870058,0.239246978828464],"Y":[-0.466846410887692,0.786861992285103,0.0425359447282252,-0.321533275221237,-0.146010212142166,0.888531772032425,-0.295501439494344,-0.639741331030224,-0.694727115097881,-0.304031130853858,-0.642046140652592,0.448665241717804,-0.438883949925251,-0.198030273165887,0.429079951855875,0.623128188862082,0.921823333622779,-0.635197906629473,0.234982077678184,-0.43173966613691,0.268818532036432,-0.768393071787524,0.0284484811391031,0.181397367850176,0.0522240137025176,0.113920917697311,-0.691477303160003]}
