{"X":[-0.597038347678876,-0.000340752831444763,0.0746447942855618,-0.40228526676334,-0.229459009147948,-0.137676601787684,0.663105350279031,0.384728408270596,-0.0888611902443763,0.973878317755138,-0.0254777798992233,-0.00229471170144869,0.483076865278514,-0.181601840423667,-0.429132489441065,-0.5082479828117,-0.605812300015305,0.498664089992129,0.0660905410004966,0.08225865564896,0.0536354428467741,-0.784998228999139,-0.604375407790998,0.163867825740586,-0.488415685353449,-0.105463832345039,0.404740825204842,-0.0481530885804946,0.0791814469336568,0.0638618025939983,0.0737428341801442,0.0798354477589101,0.280457543346156,0.659225669816436,0.374092724549862,-0.0398489230288362,0.399134444129907],"Y":[0.254446902194682,-0.789071444083715,0.0273833907043687,0.180973765430208,-0.114753601677371,0.905837155412563,0.169565688548927,0.456266465958897,0.224887626273719,-0.0318373641944951,-0.53303813074923,-0.354786601505639,0.860239825803266,0.318943096068318,-0.826565872455309,-0.255431206125541,0.557735469633124,-0.315488957646085,0.497964509606038,0.563629650247701,0.739181537571703,0.463111854011243,0.150252527078584,-0.421110298734539,-0.456097288060848,0.663785098341878,-0.390682208837601,-0.247952977889402,0.274322416800741,-0.402093968283947,0.241216520881388,-0.915575515553963,-0.402343874412562,0.351951293330033,-0.113865374434116,0.393911826738546,0.0695516732953596]}
