{"X":[0.858078672460586,0.0909193280439905,0.515522816562789,-0.7634196095827,0.500086394623869,0.657183446208867,0.401916783186274,0.263243365651862,-0.178598178824462,0.0550181226933567,0.105173015136454,-0.223688974752744,-0.459461193249368,-0.77456562942368,-0.642575028615663,0.538002776311372,0.714600525324247,-0.056407729732224,0.356360487224257,0.754047653931685,0.246157379982163,0.0224496217395202,0.96111821104125,-0.205081549861966,0.223557215718748,0.488280017246403,0.372587661535516,0.406659891305034,-0.307137183292103,0.0676586916789186],"Y":[0.122641760315188,0.401917142831749,0.191670898083859,-0.423332029332443,0.0362281535678893,-0.0421183583238504,-0.0116672856366239,0.0974624111120097,0.376909389007879,-0.510728701290746,-0.987796171565592,-0.194798524769491,0.150202365544846,-0.193387657427995,-0.712531560961,-0.11390036883475,-0.322071224361795,-0.569016592524327,-0.385118255339959,0.285961862303718,0.305062552745008,0.661025556764653,-0.148956592124636,-0.764478041900919,0.0807903085944753,-0.502953545350966,0.839491593066663,-0.179197848472536,0.627311860353945,0.436090625595317]}
