{"X":[0.479261072261729,-0.231519039776951,-0.749853869638954,-0.31367779620426,0.434186479938931,0.335937910831664],"Y":[-0.53705623440547,-0.734812739755017,0.616588088872442,0.72775399396638,-0.630777232150647,0.402351440797745]}
