{"X":[0.228647740790629,0.398249299601389,0.750051936598155,-0.484327752979756,0.686815312105449,0.796439569843112,-0.647413320153695,-0.329873420651535,-0.759745651816119,-0.825757868856084,-0.49785034862984,-0.266343476707356,0.173983549298171,-0.193578515100273,0.274972027206481,0.538785315315069,-0.319657632460657,-0.555129888238525,-0.441755548442922,-0.441440820977098,0.324169422549153,0.175752133531707,0.445801843289499,0.76241116601772,0.557423856342886,0.0837306986283921,0.225837763482187,-0.369219015600423,-0.0961044606037403,0.437913780394359,-0.58290179411552,0.0408420966884993,-0.0781181474972171,0.0450630697279626,0.726951252810788,-0.152210929085469,0.697309882252543,-0.438842735022413,0.00817586094639943,0.631991695040868,0.139787830085875,-0.625248991669495,0.53597197220346,0.240709364916791,-0.268713380304856,0.67123262732564,-0.45058790875869,0.488242531110141,0.127521374734889],"Y":[-0.810550776354444,-0.0373598184989656,0.11374716214335,-0.208232550277,-0.194771927965247,-0.24382231391268,-0.278189804254543,-0.770203979282603,0.294773872299568,0.108601228003046,-0.0743896378654095,0.75403833816596,-0.96793655402804,0.129456608858076,0.208779343687754,0.333838614686903,0.191810763240648,-0.124042265714814,0.270129670780539,-0.54648045944935,-0.104464390636966,0.0668886344876788,-0.44033915420827,0.538951266411062,-0.662565239919898,0.460331497711167,0.587038747366845,-0.264765140245267,-0.741836637112031,-0.000851768066334787,0.669293931226138,-0.885294066630565,0.346795989204795,0.781969739619265,0.220806177032362,-0.244060418646074,-0.541628296858342,0.488798082008148,-0.338735584155849,-0.77037528354602,0.832978850463223,0.443415063477599,0.813658691912979,0.791414125745533,0.235513441821076,-0.198289265557521,0.361553520402906,0.0078338444096365,-0.61803086010413]}
