{"X":[0.225212952656484,-0.782616771004409,-0.0305551123117744,-0.422014058977453,-0.377719261267559,0.326502720588697,0.0387646248113469,0.0258991488447738,-0.573461466409878,-0.359718686606088,0.394936610103524,0.589127248774174,-0.17002078868258,0.290387753805041,0.728369758741488,0.917361745826773,-0.949592396243671,0.743033663784774,-0.070146919616596,-0.858839822303669,-0.334969093097273,0.469470581159361,-0.347285627314059,-0.317001486871264,-0.159511488188777,-0.598218575256508,0.608615776074408,-0.370784259499026,-0.127521384112798,-0.424973187187949,0.125579831064315,0.375504815268294,0.746287367897657,-0.778667774739296,-0.539740154948061,0.110476985660573,-0.82629217383708,-0.349070852760035,0.95060165136346,0.645530444761011,0.258323828803168],"Y":[0.333148933303245,-0.468151903000824,-0.61743300016323,0.0456987004048351,0.832603378452038,0.409176542905618,0.497795594917868,0.300012710230903,0.505234674197003,-0.872117092476303,-0.117915677487564,-0.387811397646813,0.562119535915217,0.928583176026923,-0.58751358160625,-0.325822277496494,-0.214309608139835,0.635036721522582,0.612246805792401,0.411803025818151,0.528447684870354,0.430156420985325,-0.638162856476258,0.46167459304463,-0.950145580314458,-0.201797234223903,0.607087999413905,0.117434967053753,0.851917149480452,-0.711506521235746,0.239584218026026,0.46641024502072,0.384928489699025,0.490574506208817,-0.0469451532639079,0.306158103093483,0.00460672884861445,-0.585113823880857,-0.0888235974073424,-0.441207048752739,-0.692309998884237]}
