{"X":[-0.833778374962909,0.0662220550970622,0.786482402476348,-0.914000584107626,0.769333742177787,0.0179413682134548,0.137367003015089,0.160289237798637,-0.280231469996338,0.462050853306805],"Y":[-0.395180176049744,-0.310056428346898,-0.538087028256169,-0.0493369858439514,0.485840078867988,0.316388319314364,-0.378535017387252,0.956251404295645,-0.182997691847842,-0.220556654414919]}
