{"X":[0.933616822333069,0.703947000255256,-0.526452254931213,0.0044233980818492,0.175138553217063,-0.877477659287263,-0.164750186696029,-0.0430612967560709,-0.732266505218267,0.590162930628291,0.016707772572302,0.627962121761844,0.0569870483593931,0.76450106919712,0.165458177336949,0.0299252268355574,-0.720203793392428],"Y":[-0.0863714719993884,-0.663983717034721,-0.0376148152413356,0.897323404548472,-0.136146811613066,-0.263353340922913,-0.121549533539622,0.0693887561806535,0.415291392944171,-0.544999222413982,-0.365850313110587,-0.517299485581899,-0.966985304247614,-0.491219617900188,0.304966693599503,-0.775183761529074,-0.372920475074625]}
