{"X":[-0.576983121369042,0.165284513014641,-0.486750398273724,-0.223953891894236,0.421927225136743],"Y":[-0.301348699388532,0.967587504661976,0.860932319663737,-0.88902560919223,-0.904758892605476]}
