{"X":[-0.620616578402206,0.544084752578899,0.292391623752996,0.0837972737774467,-0.359568877553229,-0.27153598753509,0.602831842337052,-0.381229609196362,0.814479997482927,-0.0960917648119674,0.0159644243096642,-0.331605595894457,0.621743325690385,-0.495186018882912,-0.655409052462198,-0.37985330599515,0.470218757523033,-0.752944457782511,-0.75420037013294,-0.841397810104394,-0.0766326024085821,0.199199910503369,0.339813204849918,0.15716694146436,0.324170509310352,0.422624285271726,0.643071243895179,0.184970889534195,0.472674877596639,0.671269270963157,0.242122578958273,-0.657393217896081,0.144123921158532,0.215666491589952,0.267785775127194],"Y":[0.543483871925213,-0.166085138244555,-0.758939789319635,-0.424156588861715,0.389614201134649,0.918185186795135,0.53681041252124,0.303741908852842,-0.0550934725068684,-0.16084055034378,-0.494787450006945,-0.100966792998633,-0.413224891293694,0.497769239848458,-0.628740577519325,0.499167819411486,-0.460861106214469,0.457233969226384,0.0223339361712597,0.0706094200095907,0.753713864912051,-0.502646124178747,-0.418189424033939,0.829326470919577,-0.156047153072412,-0.529348794868955,0.633293881088139,0.283061209094142,-0.795481547900964,-0.0332199813789732,-0.907997577874281,-0.260334214145577,0.400501197237616,-0.20505621330408,-0.165772224865039]}
