{"X":[0.0261824265622588,0.789180170232183,0.825006984251053,0.498449562569598,0.107811760232909,-0.0316752014692356,0.223494935335755,0.88589539217982,0.719488772461667,-0.151573900700968,0.573419310035629,-0.0513895257218832,-0.133140584696151,0.475047836313711,-0.959095720902839,0.146749147226804,0.174574125162775,0.41346115668842,0.695318885633677,0.764222050637749,-0.250180581990125,-0.581141456854946,-0.616001835409234,0.489337650080987,-0.386827327023813,-0.45951049621173,0.902276980667161,0.308863459472519,-0.754498959371523,-0.806912852977323,-0.344861671229255,-0.0738556965057528,0.877431227153652,0.261929412032477,0.797640465592978,0.0866037409680497,-0.641340682010593,0.490250053612268,-0.827616210331513,-0.556103445446441,-0.150783556261674,0.320111735906065,0.580630210777184,-0.0837823659165706,0.415937540971535,0.328407751444458,-0.606356744111581],"Y":[-0.0750436124800664,0.279143905620293,-0.148922327412924,-0.54429869339903,-0.916152104225383,0.154056234165497,0.950156991291704,0.223630474824543,0.614963619177942,-0.784660050437773,0.0316237727616131,0.0616556921418558,0.915746914033904,-0.795706283650582,0.186377397811297,-0.938391231978009,-0.533847520332547,-0.103683593621816,0.563945800166916,0.0651331424394387,0.621687267020645,0.0701306288538694,0.177737569276348,0.665435346619822,-0.773706409815453,-0.818656018870893,0.0661844164526212,-0.699255540526219,-0.485370697512259,0.117238157686884,0.686551714194951,-0.93643898179267,-0.475043212116677,0.549901529677881,-0.509805723812618,-0.594374852003209,0.177594971459159,-0.570945288677189,0.443830643387021,-0.089239168822582,-0.0449541492845487,0.38261789183439,0.709142904414115,0.62717899783389,-0.394994688301843,-0.289365861054062,0.121024070272365]}
