{"X":[-0.634236210622868,-0.835256541397646,-0.476220608011067,0.0758073119337093,0.554147161490145,0.291756610677254,-0.679941565215189,0.505186273091166,-0.390085220919574,-0.678349565221629,0.49532196137432,-0.520796382593251,0.588684876174796,-0.285624554479856,0.310957747802013,-0.0167987233151675,-0.619826638278375,-0.552977169399956,0.176708935304192,-0.785774849447575,-0.485767186994068,0.416513051873335,0.569610942852358,0.86071542103533,0.773455376607375,0.33185218214022,0.782671117185363,0.490182040832318,-0.211505832717835,-0.129550444532242,-0.704751511520878,0.32214571149196,-0.0275215322055902,-0.237124069551788,-0.00703778816772779,-0.109807135624714,0.0731698783408168,-0.245815922490991,-0.634274095396473,0.630172699435693,0.0560855077385496,0.110320023208499,0.688255484293087],"Y":[-0.709735854440516,0.256366410130276,0.323719732875715,-0.0315434526368507,0.4530316587024,0.883891270714109,-0.379390557380589,-0.705014574191433,-0.644360863795394,0.0581556999410974,0.199556818647664,-0.193036152133983,0.666497419697031,0.530887858695685,0.506413831120577,0.144228432485448,0.391918697914976,-0.555562360886684,-0.117002301946605,-0.0772824874623283,-0.114049598627095,0.244774317385351,-0.200554360842162,-0.346634749227935,0.0790517032115186,0.548354518399375,0.277036189078652,0.633910622031299,-0.0894856694026274,-0.329312224009353,0.0127216016754165,-0.441538204899788,-0.526441666712726,-0.440079284321915,0.38823255412646,-0.0594126677563036,0.557735380594785,0.389302984101075,0.180523349946573,-0.135588681520409,-0.460790573315608,0.202188294521197,0.678495524661256]}
