{"X":[-0.135733684518064,0.817494380905677,0.285264238471274,0.269979747424764,0.162913489833639,0.752806581263052,-0.157182035180588,-0.478231593649651],"Y":[0.875414552193874,-0.329058976986654,-0.201111467914218,0.547202584551924,-0.520798379700634,0.431263954255879,0.689109155612412,-0.767527250076442]}
