{"X":[0.374464579582456,-0.683863727729532,-0.659280157299277,-0.675890753605587,0.0450366326964588,0.512605961582229,-0.381058525337309,-0.806861227890226,-0.52014442171411,-0.776289430211952,0.139919457384158,-0.590423390119784,-0.431756505410393,0.30149798429707,-0.72881766744242,-0.0158544411367171,-0.378489380310265,0.324119193622615,-0.126704174770483,0.952156073505409,0.155743239527164,-0.504840927203507,0.46922393003756,0.94399058802376,-0.266605492239944,0.773939698682169,-0.117856129578555,0.485178720652267,0.349975249056278,0.395609921913255,-0.602913808642353,0.720761013176415,-0.489531607734408,0.177287545035054,0.145764063727621,0.236258570211503,-0.914123176947168,-0.747159938865483,0.400473640742297,0.191305832495688,-0.174723543151198,0.770442804389257,0.700252368908147,-0.365815334760017,0.29738777836371,0.607149435919557],"Y":[0.272298600699774,-0.623897993363627,0.556122605618143,-0.637169266123544,0.768918051065785,0.743270865388374,-0.373686856261833,-0.181482699993252,-0.533349451044405,0.503610897276228,-0.963291044930457,-0.318998501638092,-0.345521965630127,-0.17474365267603,-0.545906975142347,-0.567381282234538,0.0514201986432303,0.890022245585695,-0.251039957962179,0.169352848645036,-0.796345260819636,-0.484074250045852,0.677141404590341,-0.115368762785642,0.39482224984153,-0.121494559024204,-0.283140185899838,-0.349338115328906,-0.246527970286703,0.785395619734484,0.210230284502505,-0.262566938332219,0.0751563501125793,-0.129686014415578,0.120434865190142,0.166652208885054,-0.200990081879433,-0.155763586144812,-0.336092371896071,-0.669931187310332,-0.40043340980541,0.328910776684079,-0.231602595061374,-0.455431774778789,0.316978502493139,0.645884768174865]}
