{"X":[-0.605997441762225,-0.117944949482588,0.342186082262794,-0.544445673999971,-0.791963962562722,0.780392058915018,-0.604782590750827,-0.371745944863886,0.121170153774642,-0.499469326380759,0.084296342969097,0.745368832834015,-0.512956762835686,0.242661541724216,0.855534866305462,0.827219542229516,-0.42307656736928,-0.765027453506317,-0.431090863787271,0.367935080397887,0.312032379062589,0.0745806695499192,-0.69988302190554,-0.0386877979007364,0.738949540500558,0.493390434029539],"Y":[0.0839303224824245,-0.941528538575044,-0.88307248630538,0.423501036623087,-0.602203858301152,-0.115939869809363,-0.0270755027676412,-0.646898896928851,0.0026733243796583,0.656588520522588,-0.576716261018033,-0.319782367570708,0.0715983750006176,-0.218158874990281,0.350842800786894,-0.516756153693457,0.562432056481224,-0.565450022867138,-0.696986869503342,-0.0724463762049088,-0.704030241511712,-0.292904952305826,0.139561134934565,0.343338596619516,0.594905682497601,-0.357617326158557]}
