{"X":[-0.824844367931073,0.141021672557832,-0.307541320275384,-0.137050481083836,0.388728436000188,-0.331151185946523,0.70100538348973,0.763160494725477,0.522868126920291,0.792297267645732],"Y":[-0.430802510971547,0.825551080163233,0.543959004853736,-0.544046751789365,-0.833569128339145,0.172097056368993,-0.163438143092922,-0.105531453017005,-0.817967370377787,-0.0168723219115325]}
