{"X":[0.529184022167864,0.250150183989513,-0.395806001560049,0.23518536545328,-0.234848370441195,0.426476669322196,0.686277811223904],"Y":[0.706256523979896,-0.747285622141286,0.342766791839002,-0.496142614573824,-0.542116270598163,-0.383730012740879,0.581830471334993]}
