{"X":[0.297541578918407,-0.605868792579395,-0.642809249637846,-0.31762255533403,-0.21595871119472,-0.100917957341303,0.567384442985051,0.458306520958295,-0.492099067354887,0.640712865391645,0.823132283014817,0.290366657201755,0.0198591742266872,-0.0477353244697342,0.35136687544784,-0.411191259450202,0.342243645548345,-0.44716982501965,-0.32001775585203,0.193830704757647,0.68375609506617,-0.950313645596837,0.582746680250626,0.310784319722414,0.684682761053685,0.534775490444759,0.554412487508399,0.746100174382034,0.655905607036105,0.483910343501618,-0.527385958024251,0.323212564345854,0.751744089499343,0.276381611018119,0.452500059629272,0.252480563460258,0.284615457217421,-0.214606346318689,-0.668458902369703,0.504846963519897,0.295027330697371,0.31876237705684,0.761720579535494,0.105777657600628,-0.298429257086634,0.745152343131638,0.454629803462029,-0.920153848159844],"Y":[-0.515942771659676,0.792893316649303,-0.52310756102807,0.104402948342994,0.905558395421458,-0.570922109044358,0.721511647743621,-0.87564452427661,0.0330231610995915,0.672599504084769,0.245181462942728,-0.375414329236304,-0.262117260650445,-0.583235435574852,0.823118973145533,-0.526283480407275,0.889383645732738,-0.232842603733205,-0.917216711926203,0.425008471256272,-0.630068322043362,-0.0848017706760542,0.0394743078894185,-0.424446967028167,0.124758462466991,-0.185419766090654,0.632711893573977,-0.172177327664368,-0.439393984342996,-0.389654722084534,-0.668543045084506,-0.355477514639437,0.641332247268685,0.437396425739171,0.703756672158669,0.128531835897123,-0.605570571843265,-0.12006033830072,0.579948629792935,0.122885696202434,-0.843855362296068,0.148121622627852,-0.0436392914106713,-0.387315809477541,0.6002887658078,0.00880809939030584,0.308176937512679,-0.247035843074625]}
