{"X":[0.828767500759046,0.0134310968669595,-0.499730217035692,0.681024963381734,-0.186136640690591,-0.647044076879013,-0.63060367256609,-0.268663473814599,0.690115575991418,0.314114748363666,-0.158576165142164,-0.749766005649165,0.159976297083851,-0.731364461895314,-0.44693069566653,0.421316211206521,-0.253179025389599,0.138894942539645,-0.337204073071277,-0.498355123823697,-0.343078497531005,0.148024604885898,0.729827362759058,0.101076374882275,0.89554247992665,0.0459804516682407,-0.205951031551707,0.0916727513376134,-0.271044417028548,0.1455883919411,-0.407265682719833,-0.152348606283186,-0.955660748054388,-0.861579371807683],"Y":[-0.0822821345865607,-0.126236752342239,-0.787933418815679,0.0146638608985085,-0.585134748196833,-0.10630040993025,-0.752604494747119,-0.509357817855538,0.41700610006975,-0.282119696142746,0.964372589676232,0.204944514825332,-0.462523058390516,0.591415251288441,-0.223254329030462,-0.424288215046455,-0.248985102989507,0.948851840728393,0.289560944193288,0.491941013956261,0.21315784379573,-0.157507600307988,-0.0356416703074171,0.769098647082214,0.239623421857335,0.352245602896036,0.282904120770388,0.810405551263258,-0.870745315912008,-0.642737054023362,0.679659974935786,-0.34705102464416,-0.159510178263891,-0.378000525985477]}
