{"X":[-0.359166606431116,0.0486349508500932,0.493955676982144,0.205405713380493,0.451961508707948,0.609120785527188,0.413864918332727,0.0415375104178453,0.0281431913363628,-0.494805671406842,-0.484106892304428,0.200973171489085,0.416551713890208,0.0351396434087303,-0.37535973373804,-0.711735155890824,0.73612394617522,-0.109024263484223,-0.507559270808544,0.182185214451867,0.0963632426112828,0.557054136576479,0.631154525093753,-0.653193124108167],"Y":[-0.242031662567503,0.972988334189251,0.0956331272428952,0.0973253555553623,-0.745387589695556,-0.744589394772996,-0.0326804109269751,-0.753017179674422,0.816193370987627,0.717193401703475,-0.736025892443477,0.32914499733004,0.53430684858632,-0.734056805832486,0.620215257585953,0.117756366107879,0.404599042327931,-0.221726577510156,-0.493585011167223,-0.221790628141464,0.664167195298404,-0.574462432690947,-0.196227801581949,-0.128161509760483]}
