{"X":[-0.13583688280307,-0.821383086870827,-0.555731052577105,-0.214014810968074,0.495929751969593,-0.168621996660703,0.175903315789469,-0.381200015780508,-0.230425252172131,0.41584683991098,-0.302016062913744,-0.0722546542366734],"Y":[0.581709524456807,-0.152233129529109,-0.455054558602691,-0.544279848843965,-0.848814341535039,0.197730050835239,-0.32182564388622,-0.393178921008048,0.335869060320082,-0.678593609653673,0.00166207757434053,0.285045174977249]}
