{"X":[0.0183416132310824,0.150937015529716,0.732280964071894,0.300448085926925,0.823869354343136,-0.65905237665534,-0.49184470033349,-0.881449724222338,0.257953613833608,0.476770468478243,0.429603614403125,-0.89784795356257,-0.407894700101462,-0.371773370700133,0.318562957245316,-0.289989155915415,-0.398210889295756,-0.303927116875427,0.657630724580329,0.327390974501694,-0.0352083194454209,0.0200281058774642,0.62202272199296,0.208351238446796,-0.189703442676994],"Y":[-0.760184645719609,-0.17654462898356,0.20585754850183,0.0723075960216424,-0.250047250723269,0.218275887344504,-0.105961672896591,-0.089209702611917,0.319533167906517,0.291529811258869,0.58447469634231,0.0419839037558237,-0.831086830418856,0.894783889084572,0.752729140783602,0.538962565362714,-0.684401898097836,0.78245006706431,-0.0360112820401265,-0.861921765939514,0.359382567413288,0.0284849762156476,-0.424217630256489,-0.819271071021341,0.0654753401353178]}
