{"X":[-0.783655404531734,0.50749116144759,-0.514560349864266,-0.901654795511716,-0.0665379747908865,0.25636971178726,-0.165735651069079,-0.0766648570582825,-0.189000513606074,-0.518919934525352,-0.906219605819796,-0.85960637546154,0.762004080172375,-0.174020305151993,-0.364541152465181,-0.238966478752356,-0.313142924685504,0.770176040014201,0.426664310294807,0.261456324504141,-0.262337681131141,-0.0973099963300287,0.460913621008438,0.217943358610083,-0.462003192990338,-0.59296451091197,-0.348359742805883,-0.67128454031427,0.0329465194441823,0.781394407772036,-0.0745400474019895,0.413229376858469,0.417457273307198,0.170924791141046,-0.0826147430279888,0.960485902232063,0.816366577773353,-0.814356372298057,-0.366242790135688,-0.273476038609207],"Y":[0.0738483157967041,-0.525699579312569,-0.280357844147709,0.106356930170957,0.710841995206173,-0.368455584042575,0.878989313081752,0.856795481259212,0.423666967728376,0.671634188496301,-0.339217891669977,-0.115924667122957,-0.25524580866302,0.777962488749662,0.288732750341162,-0.554286480262376,0.796319468547695,0.438061389249228,-0.0563460447796842,0.668373032847539,0.511479471400052,-0.0271414043561414,-0.48660621930828,0.218713490405541,0.678563036496095,-0.341032004926989,0.892893158152882,0.0980940878507643,-0.593802755285767,-0.315251716609266,-0.155169902730631,-0.223684485636948,-0.153118947059574,0.120350785696492,0.265702806148974,-0.00324930904584108,-0.214990308287324,0.174112656524976,-0.288636993026419,-0.685395414029888]}
