{"X":[0.0550964941370345,0.5424728029268,0.613238901062169,-0.106989896487334,0.0925609158176397,-0.0857069536492552,-0.419221510909108,-0.277589597564668,-0.812784761481882,0.554406860168722,0.532786898592696,-0.31296731540904,-0.65335120435634],"Y":[-0.387648346489225,-0.611035546335085,0.523705963077308,0.943170376932542,-0.912853629899296,0.0212529322947514,0.723047733524857,-0.0887377470319683,0.279622894560536,0.0919787231200933,-0.744614654431795,0.637530491714156,-0.0114181780571297]}
