{"X":[-0.0657117606587107,0.60304463948457,0.31068622477635,-0.591535654308731,-0.793186488361953,0.313441623388922,-0.0917589938523297,0.581159061066904,0.34640321568941,0.281618822277942,-0.787329304620663,0.43751521709217,-0.437179226608031,0.151019941534283,-0.0788974828500966,-0.752473862552812,-0.752790947931467,-0.183490313506577,-0.655358565043823,-0.43529825272711,-0.047230685929711,0.46873273144226,-0.122929503559137,-0.583532796386872,-0.707903265441984,-0.167714840143205,0.131734841329278,-0.510257132738817,-0.552020432164909,-0.0395698273132796,0.0198805590134412,-0.123593131588402,0.114521102144334,0.324313378739113,-0.0465189811144516,0.422505388407422,0.434323115898034,0.350126226239761,0.303703716790456,-0.269981269063938,0.036148586202223,-0.0442458434458809,-0.113170264068321,-0.62231345030395,-0.897979718840436],"Y":[-0.606331124549662,0.383337820112537,0.624296680978328,-0.698978658962169,0.509417146360499,-0.455482487909334,-0.054429412188716,0.522584057631327,-0.382903598676585,0.0256723989126826,0.0440638694949052,-0.683281704612366,-0.0173829313829813,0.0203825451759494,0.0548368050722098,-0.183633827643371,-0.645141346892147,0.532007555223157,0.642350924775842,-0.617859076038606,0.740610750832023,0.658537053070326,-0.613954794222496,0.69148437742601,0.0487906697714469,0.739521677224956,0.637891882909224,0.628964168072762,-0.727121026025002,0.808492830124337,0.891508726091479,0.761018415287508,-0.0393419673679926,-0.36746442078659,-0.744269210638175,0.696117213412859,0.454005035606185,0.180189690083964,0.48139517853282,-0.202749128613315,0.289535977656351,0.664081351007412,-0.130052992933646,-0.146788283214886,0.399105852244412]}
