{"k1":[-0.28741836658657,-0.313114114963558,-0.468242434243909,-5.81887915317245,1.67482059788035,-1.20903739224669,58.2310771304426,2.58614198148821,-3.89979373860659,2.58614198148821,1.36775409636346,-5.81887915317245,58.2310771304426,0.486560581409871,-0.468242434243909,-5.81887915317245,-1.20903739224669,58.2310771304426,-3.89979373860659,-0.0505992954270287,-0.0505992954270287,-0.0505992954270287,1.36775409636346,-5.81887915317245,58.2310771304426,-0.468242434243909,0.486560581409871,58.2310771304426,-3.89979373860659,-5.81887915317245,1.67482059788035,-1.20903739224669,58.2310771304426,2.58614198148821,-3.89979373860659,2.58614198148821,58.2310771304426,-3.89979373860659,-3.89979373860659,-0.0505992954270287,-0.0505992954270287,-0.0505992954270287],"k2":[0.0945818966966202,0.0945818966966202,0.0945818966966202,0.549568707951079,0.549568707951079,0.549568707951079,0.549568707951079,0.549568707951079,0.549568707951079,0.835449102906101,-0.316594687933294,-0.316594687933294,-0.316594687933294,-0.316594687933294,-0.265979821394947,1.13196313166035,1.13196313166035,1.13196313166035,1.13196313166035,1.13196313166035,-12.9750587263073,13.4617386879744,-0.28741836658657,-0.28741836658657,-0.28741836658657,-0.28741836658657,-0.28741836658657,-1.11181486671048,-1.11181486671048,0.317926781599533,0.317926781599533,0.317926781599533,0.317926781599533,0.317926781599533,0.317926781599533,0.392433567613783,0.225517007392023,0.225517007392023,1.36775409636346,1.36775409636346,-5.81887915317245,58.2310771304426],"X":[0.0112101889589948,-0.0471028250035134,0.00374162646261371,0.0561751705276173,-0.198445716980024,0.156397601558072,0.146331157491741,-0.235043028044992,0.341241708282787,-0.137272197110297,0.16465023371211,0.129015112678169,0.138151909998218,0.194584428101272,-0.107638575633148,0.115929018813863,0.308883936670475,0.139976711584133,0.390790686860836,0.15884163248452,0.0577475472991249,0.0743278642002437,0.153688974033309,0.132482998949483,0.137828663499368,-0.012036100899271,0.172271927807114,0.146839816380669,0.446563847221284,0.0292560489052223,-0.0332313903223676,0.0634146024966068,0.148823052993357,-0.132470851538738,0.317730415177396,-0.105927092039981,0.14981160051465,0.307614192655263,0.407735389593726,0.260331518095116,0.107131449031098,0.140359489637458],"Y":[-0.315259554987057,-0.320774910449728,-0.315965945793562,0.0939104440819669,-0.0460212280829649,0.14898955601109,0.143457353351894,-0.0661339650394228,0.250574092916163,0.186715285405778,-0.341218266839372,-0.329936376816166,-0.332829038312419,-0.350695273770543,-0.263813008837664,-0.2537899780327,-0.0353721249464653,-0.226568876415261,0.0573432965031365,-0.205214481474333,-0.200099191992112,-0.200938144345265,-0.356210574666355,-0.350115587945887,-0.351652030119135,-0.308578144326796,-0.361551656886376,0.173077108346143,-0.160160525052841,0.250549559712235,0.230683129268211,0.261409478719639,0.288563112507473,0.199132246756019,0.342263286555112,0.267778177542282,0.346127299467019,0.381714467805276,-0.00873754911714056,-0.210349798179199,-0.202597982625187,-0.20427929806829]}
