{"k1":[-1.0534821059669,-1.81654782753243,-10.515457704228,-1.81654782753243,-10.515457704228,-10.515457704228],"k2":[0.278224590137076,0.278224590137076,0.278224590137076,-0.938597590794833,-0.938597590794833,-1.59509172607308],"X":[0.373227007400368,0.395432800978003,0.426665400889481,0.279248425578487,0.419982669932913,0.415620077235166],"Y":[-0.56655751864209,-0.560379320825284,-0.551689643515998,-0.349324846100081,-0.481417668793477,-0.435543009799542]}
