{"k1":[-0.151246660008386,-2.89544647434419,-1.08464432706107,0.917840981747993,-12.1436270196292,-1.19307933367065,1.98470551360302,-0.708008136325682,-2.59901494991821,-1.19307933367065,1.98470551360302,-0.708008136325682,-2.59901494991821,-12.1436270196292,1.85768627809707,-1.19307933367065,-6.0637810631217,1.98470551360302,1.0763185584582,0.416312662223006,-0.708008136325682,-2.59901494991821,-0.183506518597126,-0.708008136325682,-2.59901494991821,-0.708008136325682,-2.59901494991821,-2.59901494991821,-0.151246660008386,-2.89544647434419,-1.08464432706107,0.243539826729124,-12.1436270196292,-0.598222022776118,-1.19307933367065,0.416312662223006,0.0337493758841164,-0.708008136325682,0.243539826729124,-0.598222022776118,-1.19307933367065,0.416312662223006,0.0337493758841164,-0.708008136325682,-12.1436270196292,1.85768627809707,-0.598222022776118,-1.19307933367065,-6.0637810631217,1.0763185584582,0.0337493758841164,-0.708008136325682,0.416312662223006,-0.183506518597126,0.0337493758841164,-0.708008136325682,0.0337493758841164,-0.708008136325682,-12.1436270196292,1.85768627809707,-6.0637810631217,1.0763185584582,0.416312662223006,0.416312662223006,0.0337493758841164,-0.708008136325682,-0.183506518597126,-12.1436270196292,1.85768627809707,-6.0637810631217,1.0763185584582,0.416312662223006,0.416312662223006,0.0337493758841164,-0.708008136325682,-0.183506518597126,1.0763185584582,0.416312662223006,-0.183506518597126,0.416312662223006,-0.183506518597126,0.0337493758841164,-0.708008136325682],"k2":[0.30036989388814,0.30036989388814,0.30036989388814,0.30036989388814,0.30036989388814,0.30036989388814,0.30036989388814,0.30036989388814,0.30036989388814,0.357156921213133,0.357156921213133,0.357156921213133,0.357156921213133,0.113558050411368,0.113558050411368,0.113558050411368,0.113558050411368,0.113558050411368,0.113558050411368,0.113558050411368,0.113558050411368,0.113558050411368,1.10135971546635,1.10135971546635,1.10135971546635,0.250408750092099,0.250408750092099,-0.0733902771608746,1.11640610658385,1.11640610658385,1.11640610658385,1.11640610658385,1.11640610658385,1.11640610658385,1.11640610658385,1.11640610658385,1.11640610658385,1.11640610658385,1.73275417101587,1.73275417101587,1.73275417101587,1.73275417101587,1.73275417101587,1.73275417101587,0.486301535182273,0.486301535182273,0.486301535182273,0.486301535182273,0.486301535182273,0.486301535182273,0.486301535182273,0.486301535182273,2.67305668335111,2.67305668335111,2.67305668335111,2.67305668335111,0.656343908207471,0.656343908207471,0.101674680988447,-0.26523915347684,-0.26523915347684,-0.26523915347684,-0.26523915347684,-15.1946610819771,-15.1946610819771,-15.1946610819771,-9.87832865394433,-0.151246660008386,-0.151246660008386,-0.151246660008386,-0.151246660008386,-0.151246660008386,-2.89544647434419,-2.89544647434419,-2.89544647434419,4.97745500507734,-1.50400465328805,-1.50400465328805,-1.50400465328805,-12.1436270196292,-12.1436270196292,-12.1436270196292,-12.1436270196292],"X":[-0.238243825686627,-0.151737938565812,-0.170350946148052,-0.063818945865982,-0.352799085411079,0.156647963444102,0.162829987134367,-0.0552139082760978,0.370213052259012,0.175221262866107,0.145354660424264,-0.0168874463382347,0.375850503777089,-0.368291293217368,-0.801680440749961,0.0841564543011009,-0.444040512521258,0.212834191759254,-0.700420272266685,-0.207679341918195,-0.218680254458919,0.350002120452083,0.126675934305339,0.26303478830164,0.4337380508079,-0.0926891481449127,0.365067420472918,0.32678327783504,-0.320794180681325,-0.195417789422549,-0.243065424532278,-0.0703481076523694,-0.353641009823788,0.108525119154127,-0.0281945900001964,-0.160265871307655,0.000254539274110962,-0.194438992432872,0.0578815954791105,0.143151532912061,0.0281928544626727,0.0268918194886091,0.0870381133479459,-0.0848647462595737,-0.383231660873326,-0.781880894995592,0.0324411858687948,-0.128625966168077,-0.468538027735328,-0.590428762745814,-0.332826636594203,-0.423369475233404,0.115469223604271,-0.103311826014653,0.141348127007949,0.00533805166170271,-0.176519037003628,-0.340757090504729,-0.352577099100004,-0.814678439891725,-0.415918479380788,-0.7495801787229,-0.578303750015828,-0.375727702390672,-0.392552589651212,-0.38814618785791,-0.346725875807381,-0.357113078969995,-0.811282508055692,-0.424760346159181,-0.737977607863281,-0.518808401617716,-0.202848772901152,-0.267740015216572,-0.196234146682933,-0.187261836311705,-0.809564471530237,-0.769392061786059,-0.698051465530843,-0.364419777095507,-0.336233165738907,-0.385104880673397,-0.379039760078747],"Y":[-0.0477059663513308,-0.0217222022161521,-0.0273129893285686,0.00468601629184801,-0.0821149175590925,0.0709076384471643,0.0727645322470229,0.00727071051962497,0.135056161512709,0.0487482187486931,0.0380811549734677,-0.0198647363689586,0.120404340737787,0.106016675751064,0.0568018490878184,0.157395759872276,0.0974147420867313,0.17200815286937,0.0683007564051056,0.124255455813364,0.123006213632493,0.187584675430693,-0.36823210467114,-0.218051956032457,-0.0300462594093853,0.0338034852575025,0.148429735451542,0.247930794512187,-0.0352205008758762,0.104750467946867,0.0515563571460868,0.244379024423594,-0.071890901512437,0.444074187134724,0.29143946894447,0.14399428398847,0.3232002505933,0.105843202883249,0.275608064105762,0.423359903854969,0.224164774277319,0.221910400499373,0.326129142055285,0.0282637450608005,0.287446928101159,0.0935831935482635,0.489589271605438,0.411262068302471,0.245962310935345,0.18668665937525,0.311958968788997,0.267927847358992,0.258786295419567,-0.326027851454868,0.327962071120568,-0.0356005697868045,0.317234252721123,0.209437606809823,-0.0848106365242568,0.0326556444394459,-0.0731111099269336,0.0153890367542123,-0.0300401782065878,0.0542947954828556,0.309943255149238,0.242989473309005,-0.281359786599777,-0.02972738881453,0.0389642204125966,-0.0194959655934713,0.0278770990962464,-0.00527151132508441,0.126266482860901,0.314155601638897,0.107114186698252,-0.310622477329063,-0.0491731708103152,-0.109592661999353,-0.216889250735542,0.0590024279667046,-0.283285267295091,0.310194610679006,0.236542048348495]}
