{"k1":[-1.68750209126475,-1.32951011736283,-1.68750209126475,5.20919668958615,4.08981167461938,1.63392652805603,5.20919668958615,5.20919668958615,-1.68750209126475,4.08981167461938,-1.32951011736283,10.6125462931425,-0.883512240140494,0.587651396374906,0.239498353054878,5.20919668958615,4.08981167461938,1.63392652805603,10.6125462931425,5.20919668958615,10.6125462931425,-0.883512240140494,0.239498353054878,5.20919668958615,-1.68750209126475,4.08981167461938,-1.32951011736283,10.6125462931425,-0.883512240140494],"k2":[1.63392652805603,1.63392652805603,0.0978092688109952,-0.883512240140494,-0.883512240140494,-0.883512240140494,0.587651396374906,0.239498353054878,0.239498353054878,0.239498353054878,0.239498353054878,3.04753932215801,3.04753932215801,3.04753932215801,3.04753932215801,0.220928985972847,0.220928985972847,0.220928985972847,0.220928985972847,2.38969438751576,2.38969438751576,2.38969438751576,2.38969438751576,1.22018759677575,1.22018759677575,1.22018759677575,1.22018759677575,1.22018759677575,1.22018759677575],"X":[-0.0502089295236029,-0.00845977379783111,0.108658502944218,0.335390136109807,0.291771426417128,0.0601637802343454,0.306394813780031,0.314807168137076,0.0834010233909925,0.252482308335725,0.192739036540289,0.449451702769686,0.382262981092872,0.355820487645329,0.364580746114076,0.497282642045779,0.48805260595029,0.416563426997488,0.513870465147833,0.35190727431819,0.46839827478943,0.321162464441093,0.266158657439337,0.449938791528673,-0.0239363443603235,0.419026755220505,0.0282762578932485,0.495527945371748,0.118184420723683],"Y":[-0.240428989957476,-0.172213936893195,-0.508518114480785,-0.303253945735769,-0.264716281823153,-0.0600880915105358,-0.454296282829522,-0.410474674361175,-0.465896064914641,-0.425401375637975,-0.439709790839092,-0.139906406692895,-0.344666678008516,-0.425251216565809,-0.398553984410035,0.540075960254703,0.538036777739634,0.52224274592556,0.543740691192137,-0.217212924059222,0.0611649659629934,-0.290683623667761,-0.422125912551856,0.293452530868734,-0.284764032363441,0.255734047574426,-0.221054862698247,0.349079850935554,-0.111350037563657]}
