{"k1":[-0.938597590794833,0.278224590137076,-17.8017145989231,0.278224590137076,-0.938597590794833,-0.938597590794833,-1.59509172607308,-1.0534821059669,-1.81654782753243,-1.59509172607308,-17.8017145989231,-1.81654782753243,0.278224590137076,-0.938597590794833,-1.59509172607308],"k2":[-17.8017145989231,-1.0534821059669,-1.0534821059669,-1.81654782753243,-1.81654782753243,2.00396555074904,2.00396555074904,2.00396555074904,2.00396555074904,-0.19730914520447,-0.19730914520447,-0.19730914520447,-10.515457704228,-10.515457704228,-10.515457704228],"X":[-0.282808075230897,0.373227007400368,-0.279604374202966,0.395432800978003,0.279248425578487,0.0624060060047859,0.138443391689391,0.0318850969053041,0.112236181886834,-0.172577573607826,-0.302474496335913,-0.191875225987479,0.426665400889481,0.419982669932913,0.415620077235166],"Y":[0.178220031450181,-0.56655751864209,0.121188660090667,-0.560379320825284,-0.349324846100081,-0.145797073506083,0.00657922797488408,-0.206959923918987,-0.0459391176506925,0.502686196355738,0.528316047143908,0.50649379965122,-0.551689643515998,-0.481417668793477,-0.435543009799541]}
