{"k1":[0.0945818966966202,-0.265979821394947,-0.28741836658657,-0.265979821394947,-0.28741836658657,0.317926781599533,0.549568707951079,0.317926781599533,0.549568707951079,1.13196313166035,0.317926781599533,-0.28741836658657,0.0945818966966202,0.549568707951079,0.835449102906101,-0.316594687933294,-0.28741836658657,-1.11181486671048,-0.316594687933294,-0.28741836658657,0.549568707951079,1.13196313166035,0.317926781599533,-0.265979821394947,-0.28741836658657,0.317926781599533,0.392433567613783,-0.313114114963558,0.549568707951079,0.317926781599533,-1.11181486671048,0.225517007392023,-5.81887915317245,0.549568707951079,1.13196313166035,0.317926781599533,0.225517007392023,1.36775409636346,-0.316594687933294,-0.28741836658657,0.549568707951079,1.13196313166035,0.317926781599533,-1.11181486671048,0.225517007392023,-0.265979821394947,-0.28741836658657,-0.313114114963558,1.13196313166035,-12.9750587263073,1.36775409636346,-5.81887915317245,13.4617386879744,58.2310771304426,0.549568707951079,0.835449102906101,1.3594966408684,-12.9750587263073,-1.11181486671048,-5.81887915317245,13.4617386879744,-2.38638573022578,58.2310771304426,0.549568707951079,0.317926781599533,0.0945818966966202,-0.265979821394947,-0.28741836658657,0.549568707951079,0.317926781599533,0.835449102906101,0.392433567613783,-0.265979821394947,-0.28741836658657,1.13196313166035,-12.9750587263073,-0.313114114963558,1.36775409636346,-5.81887915317245,13.4617386879744,58.2310771304426,-0.366741070002975,-0.332881521063578,-0.468242434243909,1.36775409636346,-5.81887915317245,58.2310771304426,-0.332881521063578,0.549568707951079,1.13196313166035,0.835449102906101,-12.9750587263073,1.36775409636346,-5.81887915317245,1.3594966408684,13.4617386879744,58.2310771304426,0.637252228787542,1.67482059788035,2.58614198148821,-1.11181486671048,-2.38638573022578,0.549568707951079,1.13196313166035,0.317926781599533,1.36775409636346,13.4617386879744,58.2310771304426,0.637252228787542,-0.316594687933294,-0.28741836658657,-0.332881521063578,0.549568707951079,1.13196313166035,0.317926781599533,-1.11181486671048,0.225517007392023,1.36775409636346,0.637252228787542,1.13196313166035,-12.9750587263073,1.36775409636346,-5.81887915317245,13.4617386879744,58.2310771304426],"k2":[-0.28741836658657,0.549568707951079,0.549568707951079,0.835449102906101,0.835449102906101,0.835449102906101,-12.9750587263073,-12.9750587263073,-1.11181486671048,-1.11181486671048,-1.11181486671048,-0.962522161366328,-0.313114114963558,-0.313114114963558,-0.313114114963558,1.36775409636346,1.36775409636346,1.36775409636346,-5.81887915317245,-5.81887915317245,-5.81887915317245,-5.81887915317245,-5.81887915317245,1.3594966408684,1.3594966408684,1.3594966408684,1.3594966408684,1.3594966408684,13.4617386879744,13.4617386879744,13.4617386879744,13.4617386879744,13.4617386879744,-2.38638573022578,-2.38638573022578,-2.38638573022578,-2.38638573022578,-2.38638573022578,58.2310771304426,58.2310771304426,58.2310771304426,58.2310771304426,58.2310771304426,58.2310771304426,58.2310771304426,0.383314371913462,0.383314371913462,0.383314371913462,-0.332881521063578,-0.332881521063578,-0.332881521063578,-0.332881521063578,-0.332881521063578,-0.332881521063578,-0.210898106310085,-0.210898106310085,-0.210898106310085,0.637252228787542,0.637252228787542,0.637252228787542,0.637252228787542,0.637252228787542,0.637252228787542,1.67482059788035,1.67482059788035,-0.468242434243909,-0.468242434243909,-0.468242434243909,2.58614198148821,2.58614198148821,2.58614198148821,2.58614198148821,0.134758128482713,0.134758128482713,0.134758128482713,0.134758128482713,0.134758128482713,0.134758128482713,0.134758128482713,0.134758128482713,0.134758128482713,0.134758128482713,0.134758128482713,0.134758128482713,0.226107282584716,0.226107282584716,0.226107282584716,0.226107282584716,-0.124428247313694,-0.124428247313694,-0.124428247313694,-0.124428247313694,-0.124428247313694,-0.124428247313694,-0.124428247313694,-0.124428247313694,-0.124428247313694,-0.124428247313694,-0.124428247313694,-0.124428247313694,2.29884825633587,2.29884825633587,-1.20903739224669,-1.20903739224669,-1.20903739224669,-1.20903739224669,-1.20903739224669,-1.20903739224669,-1.20903739224669,0.486560581409871,0.486560581409871,0.486560581409871,-3.89979373860659,-3.89979373860659,-3.89979373860659,-3.89979373860659,-3.89979373860659,-3.89979373860659,-3.89979373860659,-0.0505992954270287,-0.0505992954270287,-0.0505992954270287,-0.0505992954270287,-0.0505992954270287,-0.0505992954270287],"X":[0.0112101889589947,-0.435879672839336,-0.448126238019506,-0.539155913008317,-0.546312700999363,-0.116228689309835,0.0359448198984512,0.0231648749703069,0.164499923554806,0.321490429519554,0.066506785400094,0.0973499313005978,-0.0471028250035133,-0.46200270530783,-0.554538643793476,0.16465023371211,0.153688974033309,0.364077430849259,0.129015112678169,0.132482998949483,0.0561751705276173,0.115929018813863,0.0292560489052223,-0.634141093907652,-0.637784135777328,-0.477251181258738,-0.443602089281315,-0.642027554832917,0.0979354174857356,0.109767905837569,0.105523764186741,0.114372719165877,0.0841418784191161,0.434517991594956,0.489940246113781,0.405838848523027,0.392978307981285,0.507488463551532,0.138151909998218,0.137828663499368,0.146331157491741,0.139976711584133,0.148823052993357,0.146839816380669,0.14981160051465,-0.333996142671429,-0.352534750846242,-0.373250854574935,0.074230249048764,0.0652941484637601,0.170605464017723,0.127063223385529,0.0670724416905576,0.138332212880527,-0.401248681300039,-0.519423373758714,-0.624325001023562,0.0406689349337342,0.194821206754479,0.0658608864428355,0.0933449358956888,0.444227429113787,0.145382669347244,-0.198445716980024,-0.0332313903223676,0.00374162646261367,-0.107638575633149,-0.0120361008992711,-0.235043028044992,-0.132470851538738,-0.137272197110297,-0.105927092039981,-0.0240080463862421,-0.0692027586996684,0.102482027490353,0.0634639215330177,-0.11767129558437,0.230006863918111,0.118181323815179,0.0689352447595113,0.139333127150331,-0.0058790090618759,0.0139855396064568,-0.0520599760277898,0.211439806322644,0.123377727640787,0.1388248949872,0.0872077349739481,-0.335465617460403,0.176659025496212,-0.483878170265531,0.0554247593724427,0.270312018907941,0.102529894279795,-0.607445301098412,0.0764348000302277,0.140766480135731,-0.208282762299403,-0.249773245121079,-0.260013611277476,0.474710399030803,0.559524842192287,0.156397601558072,0.308883936670475,0.0634146024966068,0.351017692668129,0.104943359872581,0.146628985147097,0.18550701009569,0.194584428101272,0.172271927807114,0.20634870468616,0.341241708282787,0.390790686860836,0.317730415177396,0.446563847221284,0.307614192655263,0.407735389593726,0.349515068756477,0.15884163248452,0.0577475472991249,0.260331518095115,0.107131449031098,0.0743278642002436,0.140359489637458],