{"k1":[0.0135088439296853,0.351915125611423,1.16658069811401,0.247374670708113,0.00401347303528296,0.351915125611423,1.16658069811401,0.247374670708113,-2.20870809566747,1.16658069811401,-1.89639705454364,-1.90065835573888,-1.7659164550667,-1.90065835573888,-1.7659164550667,0.00401347303528296,-1.89639705454364,-1.40422736466807,0.00401347303528296,-1.7659164550667,0.247374670708113,-1.90065835573888,0.00401347303528296,-1.7659164550667,0.00401347303528296,-1.89639705454364,-1.40422736466807,-1.7659164550667,-1.40422736466807,-1.7659164550667,-1.7659164550667,-1.7659164550667,-1.7659164550667,-1.7659164550667],"k2":[-2.29965979601994,-2.29965979601994,-2.29965979601994,-2.29965979601994,-2.29965979601994,-1.42293640313814,-1.42293640313814,-1.42293640313814,-0.982537600230674,-0.982537600230674,-0.982537600230674,-0.982537600230674,-0.982537600230674,0.156206335363813,0.156206335363813,1.99281059739065,36.8125536896193,36.8125536896193,36.8125536896193,36.8125536896193,-3.65786660113083,-3.65786660113083,-3.65786660113083,-3.65786660113083,-24.6922678389816,-3.47749462427652,-3.47749462427652,-3.47749462427652,-2.04736424909982,-2.04736424909982,3.38056949034667,0.351915125611423,-2.20870809566747,1.16658069811401],"X":[0.213407118221712,0.0721324182643857,-0.154829997501106,0.111767780994773,0.217969807884016,0.212152040466658,-0.135702577454289,0.281354928351373,0.162486916422819,-0.120205910479195,0.224000652089113,0.112874357837329,0.174964693536521,-0.0666126216816049,-0.0538892725637008,0.466116564480894,0.348889184987509,0.346706130151204,0.340137277500057,0.348315854776814,0.188690034124987,0.0399668864577019,0.260613378630929,0.0194501910837383,0.322217126451623,0.425838665352186,0.447812256364284,0.432895186816521,0.392604804717954,0.230941915470473,0.324975117880931,0.28645782949207,0.140411461852429,-0.0413548843139057],"Y":[-0.379523545546186,-0.0546397978595419,0.467296544883922,-0.145787648031281,-0.390016179524302,-0.00536477492416526,0.489610223915257,-0.103836083297614,0.229932004746771,0.507688336493502,0.169492446523986,0.278678209000663,0.217672119565262,0.619821636369657,0.621809104108919,-0.389020249207907,-0.0673457994108083,-0.147709622779677,-0.389525863679209,-0.0884515485738936,-0.126759030993068,0.417250403674144,-0.389845030702981,0.492297738448141,-0.38959778572223,-0.213272567323046,-0.289685611943667,-0.237811582781362,-0.212161797608302,0.118821022243174,-0.0472337572160716,0.0207845561543684,0.278690239971931,0.599674421644412]}
