{"k1":[-48.9590428748367,1.3525521953671,9.97514051841752,-0.332208022438171,1.75716373496884,1.61395742345363,-0.283349919655289,0.9738050604461,9.97514051841752,-0.332208022438171,1.75716373496884,-0.283349919655289,0.9738050604461,-0.283349919655289,-0.283349919655289,0.9738050604461,1.61395742345363,1.61395742345363,0.9738050604461,0.9738050604461,0.9738050604461],"k2":[-1.26357329674835,-1.26357329674835,-1.26357329674835,-1.26357329674835,-1.26357329674835,-1.26357329674835,-1.26357329674835,-1.26357329674835,-2.55708154677845,-2.55708154677845,-2.55708154677845,-2.55708154677845,-2.55708154677845,-0.808974862060275,-4.67512520393129,-4.67512520393129,-0.240398840409918,-1.60043496183399,-1.60043496183399,-48.9590428748367,9.97514051841752],"X":[0.273846711996549,0.493421029219068,0.253568911262689,0.0719514376085741,0.208922896346175,0.516984544603414,0.0605305441406674,0.449511810932113,0.213387200726373,-0.0487935916887534,0.10558706315625,-0.0511226500742854,0.235112437384172,0.230274032197553,-0.0919284411789478,0.0960651771926301,0.351172831733151,0.548477353102691,0.497665526269813,0.281717869095024,0.204865204461266],"Y":[0.357879700286407,0.0804314563922813,0.383502187810498,0.612989177742734,0.439915700065234,0.0506572275751024,0.627420313753789,0.135913972100773,-0.017316021059633,0.653101645144838,0.258337721461108,0.659057237363852,-0.0728692228166856,0.579323510050861,0.670619554994828,-0.208274148432375,-0.216955817307422,0.101485279637913,0.182806303775906,-0.0274846175723827,-0.102324131301503]}
