{"k1":[-6.6589847519851,-1.94314371431552],"k2":[1.70953998971561,1.70953998971561],"X":[-0.366296124473605,-0.210782191821184],"Y":[0.0588291471173051,0.324686433944558]}
