{"k1":[-0.883512240140494,0.220928985972847,0.587651396374906,2.38969438751576,0.239498353054878,1.22018759677575,0.239498353054878,1.22018759677575,0.0978092688109952,0.239498353054878,1.22018759677575,0.239498353054878,1.22018759677575],"k2":[5.20919668958615,5.20919668958615,5.20919668958615,5.20919668958615,5.20919668958615,5.20919668958615,4.08981167461938,4.08981167461938,-1.68750209126475,-1.68750209126475,-1.68750209126475,-1.32951011736283,-1.32951011736283],"X":[0.335390136109807,0.497282642045779,0.306394813780031,0.35190727431819,0.314807168137076,0.449938791528673,0.252482308335725,0.419026755220505,0.108658502944218,0.0834010233909925,-0.0239363443603236,0.192739036540289,0.0282762578932484],"Y":[-0.30325394573577,0.540075960254703,-0.454296282829522,-0.217212924059222,-0.410474674361175,0.293452530868734,-0.425401375637975,0.255734047574426,-0.508518114480785,-0.465896064914641,-0.284764032363441,-0.439709790839092,-0.221054862698247]}
