{"k1":[-1.57481248755617,-0.519461814294284,-1.63099778359064,-1.06583229493311,-1.50803344760511,-1.49935053103799,0.906065498390642,0.128079070934196,-1.61862777088432,-0.676866718270166,-0.358090225947896,2.19528816550647,-1.56971449394305,-0.32132321686975,-0.947612259320367,1.23337987451671,-1.61862777088432,-1.56971449394305,-0.32132321686975,-1.56971449394305,-1.97425903461671,-1.56971449394305,-0.32132321686975,-0.947612259320367,1.23337987451671,2.77972752916783,0.128079070934196,4.83534488053825,-0.358090225947896,4.98637645997231,2.19528816550647,4.83534488053825,4.66829442610963,4.83534488053825,4.98637645997231,2.19528816550647,-0.947612259320367,-0.676866718270166,4.83534488053825,4.98637645997231,-0.947612259320367,1.23337987451671,-0.358090225947896,-0.947612259320367,0.128079070934196,-0.676866718270166,-0.358090225947896,2.19528816550647,-0.947612259320367,1.23337987451671,-0.358090225947896,-0.947612259320367,-0.947612259320367,1.23337987451671,0.128079070934196,-0.676866718270166,-0.358090225947896,2.19528816550647,-0.947612259320367,1.23337987451671,-0.358090225947896,-0.947612259320367,-0.947612259320367,1.23337987451671,2.19528816550647,1.23337987451671,-0.947612259320367,1.23337987451671,1.23337987451671,-0.947612259320367,1.23337987451671,-0.947612259320367,1.23337987451671,1.23337987451671],"k2":[14.4029062899216,14.4029062899216,14.4029062899216,14.4029062899216,14.4029062899216,14.4029062899216,14.4029062899216,14.4029062899216,14.4029062899216,14.4029062899216,14.4029062899216,14.4029062899216,14.4029062899216,14.4029062899216,14.4029062899216,14.4029062899216,11.7120067140523,11.7120067140523,11.7120067140523,-2.89835950712277,-2.89835950712277,3.97324746238262,3.97324746238262,3.97324746238262,3.97324746238262,-0.52878951109222,-0.52878951109222,-0.52878951109222,-0.52878951109222,-0.52878951109222,-0.52878951109222,0.536127513745794,0.536127513745794,-0.170053972364124,-0.170053972364124,-0.170053972364124,-0.170053972364124,1.68630673827197,1.68630673827197,1.68630673827197,1.68630673827197,1.68630673827197,0.182097671291624,0.182097671291624,16.3464176214056,16.3464176214056,16.3464176214056,16.3464176214056,16.3464176214056,16.3464176214056,0.570515166369966,0.570515166369966,-53.6334701925294,-53.6334701925294,-1.57481248755617,-1.57481248755617,-1.57481248755617,-1.57481248755617,-1.57481248755617,-1.57481248755617,-1.64670364092111,-1.64670364092111,-1.63099778359064,-1.63099778359064,-1.50803344760511,-1.50803344760511,2.77972752916783,2.77972752916783,-1.49935053103799,0.128079070934196,-1.61862777088432,4.83534488053825,4.83534488053825,-1.56971449394305],"X":[-0.163100466947795,-0.209708885958575,-0.160791122462773,-0.184785061714779,-0.16307729280099,-0.163074265293539,-0.162085544883804,-0.201929631168996,-0.160737358880208,-0.181761221504495,-0.207834094105808,-0.171572409499749,-0.16052395224706,-0.154597382504154,-0.183882222303055,-0.164318194790988,-0.165763727324308,-0.165525595005251,-0.158792615326535,0.160944570920295,0.0493557075947911,-0.206975238361109,-0.200158540051693,-0.285713310279021,-0.272735976843753,-0.378727125229709,-0.368744555510544,-0.379674774254348,-0.333270110748393,-0.379716542650426,-0.378196577003302,-0.270263534489865,-0.271874070391723,-0.348017662774557,-0.34898957216994,-0.310981458805865,0.00949194453151091,-0.289797180111398,-0.307387881632849,-0.310765980928271,-0.291053182303711,-0.238263298797051,-0.325489877919855,0.0613654709328861,-0.203377848802968,-0.185443543631806,-0.208553198994636,-0.177401434557159,-0.187268536997855,-0.170709096361816,-0.115766899827086,0.0906703250828173,-0.222794223117449,-0.225943341559872,0.162392725822919,0.150281423698417,0.379597678271329,-0.135668244584655,0.345526135379894,-0.157389711796441,0.386087791484746,0.360992910899475,0.357891734917242,-0.144574730024438,-0.13507401590124,-0.157116100665408,-0.255137807952935,-0.189020007722171,-0.157079542088407,0.0556136591509276,-0.144202370556355,-0.29994804179962,-0.298695853681476,-0.142697803412772],"Y":[0.189034676892939,-0.482262014440726,0.222295949101857,-0.123286509470858,0.189368451957726,0.189412056863826,0.203652504272182,-0.37021813670099,0.223070300943353,-0.079734422286437,-0.455259563072207,0.0670140822235518,0.226143976682238,0.311503805309988,-0.110282998028946,0.171495856880804,0.231206120493669,0.233995127813296,0.312851831015993,-0.278469823480025,0.0449548194284726,0.299059233757756,0.326143663017472,-0.01378661068299,0.037775546457185,-0.386304959067372,-0.391583637228613,-0.385803852202946,-0.410342151530659,-0.385781765513205,-0.386585507404625,0.143237225865591,0.14237377325673,-0.232730800276508,-0.232565523223045,-0.239028953882672,-0.293526729157243,-0.00660847752901092,-0.0362717960355648,-0.0419683076399868,-0.00872648248919215,0.0802934537806805,-0.413128176862158,-0.342682718709365,-0.370403623070059,-0.0772419809925102,-0.455002058640086,0.0542176924985793,-0.107074084710237,0.163613447503327,-0.488227925473863,-0.370452357759435,-0.0734095090225429,0.0954886410919236,-0.323556067696909,-0.304483037870677,-0.665613139171709,0.145834070554049,-0.61195684795597,0.18004130836721,-0.667937185278729,-0.626613354050482,-0.623674641671408,0.195847048977096,0.147138573750356,0.180378774829669,-0.0427603315220677,0.141029137947406,0.180423865442784,-0.337232231351478,0.196306309651116,-0.000297604585936333,0.00575715682060468,0.19816201248587]}
