{"X":[0.698607835918665,0.999887185404077,0.885087788337842,0.22730429796502,0.251515549840406,0.237149530090392,0.575111344922334,0.715895055560395,0.0116265979595482],"Y":[0.612676439108327,0.833495420403779,0.583936793496832,0.829571250360459,0.217750234063715,0.733844602713361,0.103712593670934,0.678289398783818,0.770887636113912]}
