{"X":[0.0258437190204859,0.389369473792613,0.250339302700013,0.840836250921711,0.50070690526627,0.411341893021017,0.0914470383431762,0.0617631271015853,0.565042386762798,0.387908288277686,0.208890032954514,0.868622224079445,0.530103456461802,0.915369653375819,0.983797244494781,0.218300086213276,0.154279746115208,0.563421457773075,0.667116586118937,0.0996775459498167,0.0810535040218383,0.798634620383382,0.78265304188244,0.370912851532921,0.156127416994423,0.547101631527767,0.831031944137067,0.0141482527833432,0.771302438573912,0.963354837615043,0.528571335831657,0.737917709164321,0.509186210343614,0.983474747743458,0.92379695829004,0.877320470288396],"Y":[0.438961533596739,0.0563515441026539,0.865142121911049,0.190429543610662,0.506550489924848,0.218086856883019,0.734696841333061,0.250778344227001,0.649128575576469,0.780850466573611,0.254315840313211,0.927012192551047,0.356452676700428,0.0254327105358243,0.193658434553072,0.647260449826717,0.672011099988595,0.855758581543341,0.651985979638994,0.599956123391166,0.245911250356585,0.660384946735576,0.419979241443798,0.24163805320859,0.146948842331767,0.128629867685959,0.687543708598241,0.254123908467591,0.407212458085269,0.568670290056616,0.185387670295313,0.0521261950489134,0.364838517038152,0.440782057819888,0.955886635230854,0.107919258531183]}
