{"X":[0.474270319100469,0.197841183980927,0.308138609398156,0.257341495947912,0.92255854816176,0.0496479440480471,0.119036432355642,0.0625953641720116,0.647085414268076,0.488577915122733,0.100727932527661,0.156186415813863,0.585927761159837,0.290853859623894,0.280561475316063,0.307986347936094,0.171898251399398,0.861414366867393,0.683435988146812,0.138452894520015,0.808310836553574,0.160112776327878,0.901097246445715,0.438658513594419,0.459185078274459,0.292572094593197,0.61004610080272,0.365419462323189,0.670878890203312,0.948978167260066,0.730877549387515,0.201761077623814,0.913222805829719,0.183542764279991,0.39056589291431],"Y":[0.857787458458915,0.277476375456899,0.483548754360527,0.5552226905711,0.134828513721004,0.856500625610352,0.0702826415654272,0.893201829167083,0.146575941704214,0.773426905740052,0.071083125192672,0.86309880646877,0.0385499114636332,0.656866181874648,0.502905414905399,0.406430179718882,0.126281522447243,0.598803258733824,0.437015402829275,0.515808086609468,0.969173499150202,0.51521634333767,0.989266691030934,0.960476662963629,0.779155666008592,0.011538878781721,0.0596537324599922,0.145245878724381,0.453097988385707,0.277188128093258,0.482804909348488,0.490988881094381,0.199137835064903,0.290873205987737,0.446786869084463]}
