{"X":[0.247292997548357,0.129054865334183,0.523882045876235,0.197019502753392,0.847101646941155,0.618271420476958,0.569867716170847,0.38141601649113,0.980471884133294,0.205586510244757,0.585038779536262,0.0960883186198771,0.166259947698563,0.10503995209001,0.859256287803873,0.150767667451873,0.907478761859238,0.600381818367168,0.487994317896664,0.0083747657481581,0.24462454370223,0.992049558088183,0.871672396780923,0.842206946341321,0.294304445385933,0.330029129050672,0.279149216366932,0.652061129687354,0.479871741728857,0.448469464667141,0.546106008347124,0.505960786947981,0.440612161532044,0.540243700612336,0.454096681671217,0.952439928427339,0.662383362650871,0.87079844227992,0.124415759230033,0.537466850597411,0.051032864023,0.394405975239351,0.870764783350751,0.496827069204301,0.893705745227635],"Y":[0.59603032679297,0.957760797115043,0.705711514689028,0.613245743326843,0.651454162085429,0.342333722859621,0.270661974791437,0.0282317637465894,0.0798901247326285,0.906561821233481,0.147587554063648,0.469885685713962,0.885286911157891,0.943564016837627,0.431998788844794,0.484010833082721,0.348771380726248,0.840693259611726,0.608216432621703,0.289164752233773,0.273757079616189,0.15655398578383,0.701708734501153,0.362998872296885,0.527924610301852,0.39054775214754,0.941901904996485,0.229375574737787,0.58498064847663,0.434112739050761,0.737185146426782,0.654590116580948,0.146352006355301,0.857963923132047,0.0291165148373693,0.377516195876524,0.676660609431565,0.92457831511274,0.781486642779782,0.589923217194155,0.826006353599951,0.173303271410987,0.918504421133548,0.699996850918978,0.584956143982708]}
