{"X":[0.696520932251588,0.643667106516659,0.191157440654933,0.907490014331415,0.919987298315391,0.365249271737412,0.0671876759734005,0.454189739422873,0.0560125422198325,0.352607236243784,0.801153911976144,0.282972997520119,0.380823278101161,0.914519628044218,0.302239991025999,0.0284386016428471,0.124088676180691,0.149077447829768,0.926343055674806,0.25754117150791,0.506961783859879,0.354905997170135,0.770137672079727,0.0927378325723112,0.895818112883717,0.559250939870253,0.320818811189383,0.789444672409445,0.330560356378555,0.43077800842002],"Y":[0.966344698099419,0.475445164367557,0.596281332196668,0.317423077533022,0.803731213556603,0.215417201397941,0.668352305423468,0.0250671587418765,0.189672214444727,0.112324032699689,0.219548873137683,0.808225136483088,0.768182513304055,0.592729183845222,0.920831821858883,0.64610995631665,0.347121345577762,0.7759304207284,0.709420001134276,0.118843763833866,0.619640403194353,0.150645799236372,0.985135786700994,0.833547393558547,0.305694966111332,0.165510368300602,0.682957731653005,0.781406721333042,0.961970200762153,0.82162327109836]}
