{"X":[0.420415588887408,0.410994362318888,0.18314244505018,0.396373366937041,0.751826245337725,0.017627558670938,0.266767019405961],"Y":[0.671220597112551,0.245703725144267,0.242066956823692,0.0920997392386198,0.70915219723247,0.0447771693579853,0.0212998648639768]}
