{"X":[0.627098335651681,0.83704537875019,0.481005595298484,0.754212248604745,0.830478073563427,0.088928512763232,0.802169014001265,0.901623888174072,0.403438213746995,0.261620523873717],"Y":[0.11087641841732,0.113846326479688,0.112013655016199,0.604626911459491,0.653855823213235,0.569420796120539,0.440583314048126,0.0533353933133185,0.17876991443336,0.192997346166521]}
