{"X":[-0.185193260849543,0.383405557503556,-0.539752744546605,0.635396334935053,0.530099337785068,0.716808839742761,-0.206408982888197,-0.137243710174331,-0.0530779602376795,0.100557242193585],"Y":[-0.925477286294164,-0.373583632494424,-0.0609180534902754,-0.406749332364551,0.620873640617727,0.196359601330715,0.891547715271936,-0.936519473187643,-0.571420998310777,0.605993220029456]}
