{"X":[0.586561835370958,0.294040624517947,0.357768328394741,0.22651103977114,0.0209195932839066,0.0178622463718057,0.779365293681622,0.127826060168445,0.650639566825703,0.0431730893906206,0.0798761632759124,0.203848657663912,0.953816978493705,0.133272739360109,0.40367225324735,0.214457864873111,0.00821798737160861,0.939128248486668,0.122259796829894,0.889936394058168,0.475797046441585,0.476526617538184,0.107291977386922,0.527725098887458,0.976732833776623,0.263150777900591,0.634656602982432,0.68342160875909,0.690467970911413,0.318110443651676,0.269662033068016,0.399672106141225,0.273289787117392,0.197607517475262,0.86906063160859,0.916036105249077,0.305518686538562,0.735193753847852,0.00129927997477353],"Y":[0.532939389813691,0.905858594691381,0.285870483610779,0.414326575119048,0.662871864857152,0.761918760603294,0.516609991202131,0.448177951620892,0.582035096827894,0.584234060486779,0.366685518296435,0.50939898355864,0.564405275741592,0.968819249887019,0.578298402950168,0.0430664727464318,0.580526226898655,0.92617522389628,0.712583722313866,0.0857274902518839,0.0562082829419523,0.641175996046513,0.727844070410356,0.145668739452958,0.907439961563796,0.65082092396915,0.669054134516045,0.202486948575824,0.217145204776898,0.673231289954856,0.711565596517175,0.0468568543437868,0.0514706664253026,0.200780583079904,0.720801989780739,0.0898275065701455,0.594476650934666,0.742977010086179,0.401352885644883]}
