{"X":[0.210302165476605,0.565468287793919,0.0470654219388962,0.85675748786889,0.537647988647223,0.854532519355416,0.15566932503134,0.680422118864954,0.208179711131379,0.236849705222994,0.90498270583339,0.60291331098415,0.835232367506251,0.45517107937485,0.0128430670592934,0.55551358545199,0.475858028745279,0.428511430742219,0.78604218037799,0.0932621511165053,0.306231809547171,0.709095789119601,0.633073977194726,0.686855002073571,0.842482308391482,0.667309968266636,0.608149457955733,0.530850107781589,0.891238829353824,0.519423691788688,0.965075827436522,0.251936301821843,0.726130059687421,0.91324157663621,0.795091212261468,0.420250879134983,0.450150810880587,0.525669825496152],"Y":[0.768559301970527,0.955077657708898,0.830918319290504,0.457915684441105,0.445227609947324,0.16647770232521,0.657732298830524,0.318831504322588,0.736186104826629,0.762038295390084,0.898858923465014,0.223008111584932,0.092963598202914,0.579053617781028,0.482059069443494,0.965406172210351,0.827550300629809,0.392946508247405,0.542361655971035,0.787472252734005,0.138701835414395,0.369704844197258,0.377990821376443,0.895243361126631,0.353253519162536,0.486974251456559,0.576336489291862,0.645339309005067,0.282499777618796,0.380573655478656,0.912112356629223,0.202231973875314,0.828320265980437,0.153309514280409,0.331065875710919,0.526721376460046,0.110788433812559,0.686668275855482]}
