{"X":[0.732565922196954,0.122772145085037,0.659546350827441,0.734258353011683,0.981257326668128,0.605840736534446,0.275295110652223,0.441871587652713,0.343505247263238,0.864063032669947,0.964090179419145,0.930875913705677,0.827436535386369,0.0692038498818874],"Y":[0.1308466384653,0.306184206856415,0.017753902124241,0.864823017036542,0.391836720751598,0.107758279424161,0.189061657292768,0.095291847595945,0.0396413013804704,0.175825482932851,0.943487487500533,0.963422957342118,0.5986581700854,0.797402965836227]}
