{"X":[0.200788902817294,0.688187511172146,0.810277706477791,0.00640911888331175,0.882656791713089,0.0802778014913201,0.88959527714178,0.99739606003277,0.496341604972258,0.725076934089884,0.81244528805837,0.0997807250823826,0.0286284235771745,0.353255922440439,0.337677623378113,0.565367152914405,0.797013562638313,0.47438320890069,0.932850298006088,0.502167309401557,0.133802871452644,0.492624992970377,0.392674352508038,0.625892993528396,0.779223743127659,0.365303863072768,0.815792661160231,0.705364933935925,0.680018688784912,0.764944723807275,0.853585407137871,0.394614794524387,0.877567003713921,0.663636745419353,0.211039654677734,0.149683719268069,0.101659313775599,0.437302441801876,0.589998098788783,0.788362123072147,0.93268725508824,0.379323534434661],"Y":[0.800476597622037,0.149463606532663,0.338491485221311,0.0501274911221117,0.442506544990465,0.952389411395416,0.324099389370531,0.476619743043557,0.651522444793954,0.948132670251653,0.122932768194005,0.1123913587071,0.620555700268596,0.200469293864444,0.625603714492172,0.436252709245309,0.759394593304023,0.451371915871277,0.85419963253662,0.931818817276508,0.197167556500062,0.866215988993645,0.58573989616707,0.308702998328954,0.992180587956682,0.296052748570219,0.973063684534281,0.846422302536666,0.39207549393177,0.677529545500875,0.919910038355738,0.278453262057155,0.601469227578491,0.848479281412438,0.901736114174128,0.566104626748711,0.97931149112992,0.183314994676039,0.54992633452639,0.307096765143797,0.85024286666885,0.605412977281958]}
