{"X":[0.955748770851642,0.415143470978364,0.723916286835447,0.729551070835441,0.674645731691271,0.678647717228159,0.242407114943489,0.397419227520004,0.667783660115674,0.270512680988759,0.480362217873335,0.574167016660795,0.408845635596663,0.44273077044636,0.504618016537279,0.174541128799319,0.415612265234813,0.0670568007044494,0.815204126527533,0.92840780201368,0.633744727121666,0.0511964913457632,0.0317093473859131,0.206319247372448,0.522107790689915,0.334823454031721,0.295463196001947,0.712384943384677,0.0530943737830967,0.863548716995865,0.845465412829071,0.488776723854244,0.608655511401594,0.242999624460936,0.701459086034447,0.829706063726917,0.836431587580591,0.442274361616001,0.57430572505109,0.371051909402013,0.600547909503803,0.89837696054019,0.0589893772266805],"Y":[0.0945267737843096,0.360058538848534,0.572909208480269,0.665394826093689,0.240099907619879,0.00916541717015207,0.76563236839138,0.305468655657023,0.66095353406854,0.185287886299193,0.302363529335707,0.37364867865108,0.852059105876833,0.640249064425007,0.433997227577493,0.871667902218178,0.110068783164024,0.204166427953169,0.686197726754472,0.075231323717162,0.891678477404639,0.015188408549875,0.442566744983196,0.935130427591503,0.424663696903735,0.308630192186683,0.111862303456292,0.765422582160681,0.461940666195005,0.0959301339462399,0.501547735882923,0.419816795736551,0.510274326661602,0.493092721793801,0.891168439527974,0.275629786774516,0.1037037295755,0.0497913204599172,0.889340262627229,0.787536684423685,0.986964874900877,0.878579238895327,0.398642223095521]}
