{"X":[0.704687052406371,0.535466964356601,0.461296334164217,0.020091645186767,0.0777717069722712,0.156861123396084,0.518358916975558,0.647183359600604,0.491292279912159,0.272250450914726,0.627987580606714,0.743433603318408,0.848800588399172,0.683900340925902,0.35482882312499,0.519764754222706,0.0996656336355954,0.284621357452124,0.547840279527009,0.584580421447754,0.387692334596068,0.871484588831663],"Y":[0.951128826243803,0.207586010918021,0.709872090723366,0.613924774574116,0.809896641178057,0.934622515924275,0.207374473335221,0.205013554310426,0.560426135547459,0.895281089935452,0.251758105121553,0.406392429023981,0.408539974363521,0.880581656470895,0.23630014853552,0.0429361769929528,0.104307207977399,0.833648465573788,0.936182757141069,0.281892059836537,0.220200896263123,0.0676884434651583]}
