{"X":[0.435555143747479,0.369890319881961,0.985079951118678,0.80162490461953,0.623375575756654,0.859856322640553,0.760511849541217,0.933106685755774,0.649990337435156,0.563883221941069,0.45954446378164,0.378030485473573,0.852189880795777,0.164748307550326,0.138155845459551,0.367717663757503,0.872279538307339,0.332855525193736,0.821558924391866,0.976110211806372,0.15854496951215],"Y":[0.725102097960189,0.161373924463987,0.220467863138765,0.937239966122434,0.292833667015657,0.0474893082864583,0.982894736342132,0.86167059163563,0.608529446879402,0.448832876747474,0.97291571367532,0.621819057036191,0.724751429166645,0.694061130983755,0.518977638334036,0.282085472717881,0.355304156430066,0.00879740552045405,0.209543659584597,0.56830648588948,0.932406364008784]}
