{"X":[0.0665676270145923,0.987384532112628,0.679006495280191,0.0458955105859786,0.73925505601801,0.232523670885712,0.744715358363464,0.0114649836905301,0.69088966678828,0.980454934295267,0.766623964067549,0.140176319517195,0.195144047029316,0.00273271300829947,0.70678526465781,0.108189017279074,0.808975148480386,0.718815410975367,0.561022956389934,0.355459121987224,0.0775908024515957,0.706387777812779,0.697709869826213,0.518696487415582,0.40693575120531,0.785031666746363,0.357742494903505,0.864867563825101,0.196669249795377,0.29979026177898,0.350015034666285,0.542168073356152,0.664572994690388,0.755189960822463,0.528715705964714,0.00442514359019697,0.357789538567886,0.875262273242697,0.334501745412126,0.856988472631201],"Y":[0.171826596837491,0.922027733642608,0.493653535144404,0.0651154101360589,0.719037282746285,0.882299537537619,0.591497153742239,0.0812684667762369,0.901362610515207,0.237694183364511,0.519438666291535,0.389960927190259,0.10253947856836,0.924242243170738,0.128891246160492,0.352556270547211,0.743373215897009,0.44176593888551,0.658023085677996,0.703044160269201,0.144269499694929,0.245127705624327,0.832953183446079,0.497721728635952,0.206488228170201,0.202007551677525,0.594770797993988,0.453642608830705,0.0165909992065281,0.45091719343327,0.862722089746967,0.170217060483992,0.497416086727753,0.349904401460662,0.0970019965898246,0.814905731473118,0.914189771283418,0.0533649595454335,0.728203383740038,0.874653127742931]}
