{"X":[0.595519141294062,0.554455169476569,0.956940768053755,0.336700732121244,0.347779603675008,0.0804922317620367,0.714748393977061,0.434935665922239,0.118293862557039,0.428065835498273,0.237763212993741,0.280263122403994,0.982249326305464,0.298770957626402,0.369572145631537,0.647756986087188,0.675416084239259,0.421315874438733,0.54977391124703,0.353882157010958,0.235433519817889,0.640859383624047,0.862203548662364,0.252354426309466,0.624683569418266,0.336666581220925,0.413119533099234,0.796753146918491,0.154397594509646,0.917117989156395,0.437147032702342,0.20310891373083,0.781526766251773,0.719870111905038,0.517571212025359,0.480713039170951,0.129350002156571,0.107098744716495,0.996392122237012,0.781068666605279,0.816409595310688,0.655166462762281,0.725782561348751,0.919761691940948,0.0905094121117145,0.923605656949803,0.566571083152667,0.758173292968422,0.486950602615252],"Y":[0.653601248981431,0.800174952251837,0.999254534253851,0.540553875034675,0.73110894463025,0.492880093632266,0.570457995636389,0.909563246415928,0.464864077977836,0.440249257721007,0.116338557796553,0.639277318492532,0.7443094602786,0.645348430378363,0.41192012745887,0.0803716068621725,0.0240073793102056,0.0140752047300339,0.204342857236043,0.596703240880743,0.693215415580198,0.883049174677581,0.628679952817038,0.525653974851593,0.160457890015095,0.191218696767464,0.0530780316330492,0.659691585460678,0.353243688354269,0.293977873167023,0.791053843218833,0.7482830286026,0.547426499426365,0.987211323110387,0.174706729128957,0.140349603258073,0.161365248030052,0.169842581264675,0.691768712131307,0.204411990940571,0.20618830784224,0.697214890504256,0.947874291334301,0.872651545098051,0.018381166504696,0.42116684303619,0.189598245779052,0.633990118978545,0.576977183111012]}
