{"X":[0.586397815961391,0.274740961845964,0.147656962275505,0.801410323008895,0.386409824481234,0.820450694067404,0.684937274083495,0.883389266207814,0.111920776078478,0.778834006981924,0.621010915609077,0.274151464458555,0.301469650119543,0.349043807946146,0.329131072154269,0.809503931552172,0.274482146138325,0.939094888744876,0.902267053490505,0.177053086692467,0.798251277999952,0.0827980837784708,0.285691754892468,0.661315981764346,0.78477427130565,0.77657687314786,0.121821508277208,0.372319732559845,0.297771757468581,0.752706347033381,0.499577620532364,0.817803536774591,0.30412873858586,0.824903801549226,0.893041671952233,0.0197156346403062,0.25443993229419,0.951945324894041,0.566167130135,0.897581946337596,0.290061443578452,0.401326056336984,0.539105884497985,0.364780191099271,0.125759874703363,0.394052589777857,0.105663053924218,0.954039706848562,0.419914707308635,0.992387489881366,0.570442291675135,0.78348924475722,0.904503523604944,0.508582720998675,0.0896464460529387,0.240984488278627,0.805403849575669,0.223567782668397,0.592070762068033,0.929119052831084,0.851353750098497,0.100520349340513,0.908092219382524,0.837831205921248,0.827914989087731,0.100423461291939,0.162158452905715,0.940109387971461,0.112017831997946,0.262136228848249,0.0516347191296518,0.188658661674708,0.536776609020308,0.568323547253385,0.491177147720009,0.33057305472903,0.696191471535712,0.529709426220506,0.40921931876801,0.134911791188642,0.896438479889184,0.490295642288402,0.405771617311984,0.141742042731494,0.0228684851899743,0.76715125888586,0.75837219087407,0.771456471411511,0.888922727433965,0.323340757749975,0.197405801853165,0.563112822826952,0.286510550649837,0.529166436754167,0.60919992509298,0.690374681958929,0.83415586152114,0.362381048034877,0.829611427849159,0.62746177916415],"Y":[0.345700931502506,0.83750070608221,0.499124135356396,0.289511152310297,0.35683762957342,0.697845101123676,0.515911654103547,0.34204289317131,0.966432105284184,0.0675305507611483,0.13451372156851,0.299903115956113,0.165903822518885,0.63341788132675,0.091216464759782,0.0864714868366718,0.772470206255093,0.865551194408908,0.112492565764114,0.267977125244215,0.7660829173401,0.461314346175641,0.333625180413947,0.549243461340666,0.447264475282282,0.0261662260163575,0.848845803877339,0.322629672242329,0.502781160408631,0.153306864202023,0.667641180800274,0.650329885538667,0.901017197873443,0.841869272757322,0.00779736903496087,0.698544700164348,0.0849303724244237,0.738808031659573,0.315827052108943,0.838312862906605,0.504393668379635,0.426998171024024,0.735241702757776,0.352213026490062,0.975926194572821,0.858195371693,0.677800911013037,0.853173245443031,0.700561504345387,0.404468290973455,0.0201732784043998,0.59862324106507,0.290873878169805,0.722049998817965,0.281201832694933,0.0373798720538616,0.701300299260765,0.272952283034101,0.44442729325965,0.751319570699707,0.938940206542611,0.91009939997457,0.879749775864184,0.953670035349205,0.738894403446466,0.736350210849196,0.480651563964784,0.156731554307044,0.332019050605595,0.347893705358729,0.388851710129529,0.332005673553795,0.909833391197026,0.189029911998659,0.852367320796475,0.962318774545565,0.773136182455346,0.979254502570257,0.718367246445268,0.662174258381128,0.642755236942321,0.561253141378984,0.824182281503454,0.970509326318279,0.0282750835176557,0.722916356986389,0.52073108125478,0.619059653952718,0.198079852387309,0.386474795406684,0.356374198803678,0.891862566350028,0.733914070064202,0.0710025820881128,0.888816683553159,0.30704384483397,0.0125525123439729,0.798806647537276,0.356184852775186,0.932536058826372]}
