{"X":[0.0291759467218071,0.725142870098352,0.605529752327129,0.717525080777705,0.591134290676564,0.0528081536758691,0.246398552786559,0.977084915153682,0.425701780244708,0.617529151961207,0.290504787350073,0.252959980629385,0.8522954643704,0.240178894018754,0.44891349459067,0.238332186359912,0.583645804552361,0.194629600970075,0.857342704432085,0.424718744819984,0.725114284083247,0.0813688097987324,0.307914114557207,0.326353529235348,0.781097995117307,0.174772251863033,0.94944244204089,0.0291710649617016,0.177027988713235,0.93332155351527,0.846119778696448,0.69655186496675,0.835399746196344,0.803513675229624,0.254503845004365,0.0753239060286433,0.52496420009993],"Y":[0.174293353920802,0.399865440325812,0.276258880272508,0.447153259301558,0.612393988762051,0.215932816034183,0.945624473039061,0.821712400997058,0.810076232999563,0.0277719961013645,0.110879061277956,0.422959423391148,0.745291436323896,0.257058168295771,0.393528072629124,0.796935657970607,0.247675272403285,0.530558232450858,0.415656473720446,0.245451172115281,0.119851793162525,0.322543828282505,0.687849906273186,0.379941553808749,0.986231170594692,0.249585636192933,0.00331569975242019,0.811534997308627,0.504459186922759,0.184188377344981,0.451742947567254,0.584122916217893,0.75283817271702,0.690492727793753,0.684529934311286,0.52979044103995,0.819798044860363]}
