{"X":[0.0391112342476845,0.742497622501105,0.743125651963055,0.583513962803409,0.165810267906636,0.293859191937372,0.130073987413198,0.415233394829556,0.830802516778931,0.471789887873456,0.859886393649504,0.475574584212154,0.00963529874570668],"Y":[0.696108426433057,0.856163652613759,0.133391925133765,0.24927422311157,0.659653971670195,0.681418660096824,0.810013575013727,0.722311757272109,0.543303559301421,0.333940264303237,0.569098035106435,0.300115812337026,0.737056547310203]}
