{"X":[0.576603659661487,0.223072855733335,0.331896589370444,0.71072455169633,0.819448956055567,0.423720560967922,0.963544549420476,0.978130409261212,0.84052187949419,0.996611237060279],"Y":[0.865959034767002,0.701421698089689,0.390473062638193,0.31476970249787,0.845947288675234,0.139278504764661,0.518120574299246,0.593550828285515,0.942461697151884,0.628019635565579]}
