{"X":[0.00513467751443386,0.474228776758537,0.977748048724607,0.0408236612565815,0.458969763945788,0.600271726492792,0.90831863693893,0.779836445581168,0.552882391959429,0.736256365431473,0.270488133886829,0.792406528256834,0.572455259505659,0.68409095518291,0.448981641093269,0.572732944041491,0.877609560731798,0.183510260190815,0.679625306744128,0.139500374672934],"Y":[0.65188877726905,0.700401093810797,0.586644852533937,0.126818230608478,0.651416356675327,0.668102900264785,0.98890148033388,0.342222574166954,0.880628815619275,0.404686067486182,0.231154975946993,0.641443994594738,0.684919984079897,0.35426259203814,0.3631831407547,0.874752118717879,0.644756624707952,0.154839054914191,0.207002694252878,0.375539868837222]}
