{"X":[0.467961139278486,0.265693102963269,0.726946795592085,0.189144663279876,0.868691333802417,0.44985502678901,0.775079627986997,0.36188016156666,0.0330955204553902,0.590102420421317,0.78568402165547,0.235059142112732,0.0530511941760778,0.858294381061569,0.346424249699339,0.273364189313725,0.457959564169869,0.737947656773031,0.0212422306649387,0.11227159621194,0.486089152749628,0.681468175724149,0.515535487560555,0.315308845834807,0.208212077617645,0.162421877728775,0.396603651344776],"Y":[0.26082193525508,0.787952811224386,0.670775736682117,0.798072234727442,0.563009807141498,0.433103870134801,0.1207766297739,0.761840982595459,0.124504838837311,0.184259239584208,0.428005301160738,0.797998464200646,0.490726676769555,0.515439653070644,0.539927716366947,0.184744143625721,0.204163067508489,0.503432336030528,0.879741531098261,0.692453406518325,0.587648876709864,0.366293834988028,0.0775856014806777,0.72863282286562,0.968035307480022,0.392529451288283,0.488358855014667]}
