{"X":[0.939098578179255,0.0182051581796259,0.00834427587687969,0.814131941413507,0.612586364150047,0.036069365683943,0.298121190397069,0.240947783458978,0.920291168382391,0.342581985751167,0.23628001101315,0.156056872103363,0.437242007348686,0.181115773273632,0.909869080409408,0.479652045061812,0.416423022281379],"Y":[0.603565634926781,0.952041319338605,0.664018409792334,0.977941293036565,0.731867336668074,0.562203147215769,0.736375669017434,0.368104859255254,0.905640144832432,0.183671587146819,0.422900954727083,0.987708995817229,0.21319179632701,0.649413221282884,0.148785737343132,0.0336259400937706,0.723481108434498]}
