{"X":[0.877292768564075,0.616066576447338,0.0743863070383668,0.377804592717439,0.260046920506284,0.165251086000353,0.679404741851613,0.812083646189421,0.737684031715617,0.70960419322364,0.350818835897371,0.559665869688615,0.581288284156471,0.0723746924195439,0.921397626865655,0.579757493222132,0.189783930312842,0.774223489454016,0.354485431686044],"Y":[0.561091548530385,0.718394693220034,0.115143028320745,0.0404604428913444,0.303527555428445,0.318680413998663,0.243199418066069,0.554012147709727,0.874888181453571,0.0989877062384039,0.997587929014117,0.974491595290601,0.116404944099486,0.950725128874183,0.0277994493953884,0.736255544004962,0.741622899193317,0.932783147320151,0.325247889384627]}
