{"X":[0.625157236820087,0.673952576238662,0.282542845467106,0.294347174931318,0.911109583219513,0.0407482101581991,0.411011611577123,0.149569618748501,0.0725107854232192,0.230386439245194,0.626359993126243,0.942819294286892,0.552055364008993,0.49229012709111,0.921810212312266,0.273806640179828,0.479678488103673,0.90401201765053,0.606382197700441,0.386065182741731,0.911999622359872,0.0567550517152995,0.626841867342591,0.0114574683830142,0.267693817615509,0.479331902693957,0.421272498322651,0.355887704063207,0.543645649915561,0.561543390387669,0.769973098067567,0.885747173335403,0.101835639681667],"Y":[0.355500957462937,0.443772664293647,0.609737310325727,0.862284414004534,0.181966848438606,0.451252453960478,0.814689874416217,0.331568727269769,0.967646768083796,0.937918297480792,0.14958025328815,0.411100641125813,0.130206583999097,0.693011655006558,0.725843430031091,0.62722431612201,0.44653628161177,0.385125222383067,0.23529486102052,0.240008136956021,0.984993291087449,0.382756636478007,0.715814074268565,0.034801434725523,0.987594830570742,0.560706286458299,0.765146284596995,0.885346978204325,0.470635724719614,0.561430484522134,0.638445283984765,0.299813242862001,0.93496499536559]}
