{"X":[0.00459880521520972,0.835427100304514,0.39527401747182,0.611687493277714,0.634805337060243,0.172270669136196],"Y":[0.993773093214259,0.343899483326823,0.20948750525713,0.265308641595766,0.161600518971682,0.321941920323297]}
