{"X":[0.232322414871305,0.670525958063081,0.544228127459064,0.277074669022113,0.35699808341451,0.356205692747608,0.757667259080335,0.46359132649377,0.46527955471538,0.586151969851926,0.77892910153605,0.377018066123128,0.168553840601817,0.854462244547904,0.853164723608643,0.833377671428025,0.0872278253082186,0.721730825956911,0.5167383227963,0.0122756662312895,0.850555792450905,0.420932532288134,0.708775747800246,0.0709018632769585,0.366929727839306,0.653714353684336,0.0158615119289607,0.271360111422837,0.703502971678972,0.341111911227927,0.181782791391015,0.660839264048263],"Y":[0.665206579025835,0.27069177897647,0.0254496440757066,0.662500723497942,0.265042056329548,0.0655823594424874,0.461027299286798,0.189782344037667,0.539991662139073,0.43660546769388,0.536662299185991,0.53085354110226,0.536752535961568,0.979341588914394,0.173185483785346,0.337213779333979,0.925253367284313,0.236818871228024,0.289838677505031,0.19121194514446,0.706800443120301,0.772876188158989,0.926787787117064,0.234162676613778,0.423226244514808,0.869681275915354,0.845558779779822,0.0714270181488246,0.201367310713977,0.38964000926353,0.634442841401324,0.163421461358666]}
