{"X":[0.769058648729697,0.207169389352202,0.890313054667786,0.346820655511692,0.814107483718544,0.702160013606772,0.0148432701826096,0.708266090834513,0.726502335164696,0.369225952308625,0.0526099116541445,0.362210647203028,0.0785716380923986,0.582209303043783,0.276129751466215,0.821423455374315,0.81941488920711,0.553903112886474,0.127267104806378,0.992637359537184,0.685795738827437,0.499601029092446,0.657426896970719,0.922047184547409,0.978762834332883,0.212943605380133,0.767594181699678,0.98881134390831,0.166630390333012,0.416208708193153,0.433847752166912,0.185109969461337,0.917180118849501,0.298277779249474,0.98544048378244,0.0858690070454031,0.0923988316208124,0.627017247956246,0.153904083650559,0.209602911258116,0.385588214499876,0.357758368598297,0.471263774903491,0.236391104757786,0.81258853781037,0.786620018770918,0.452058941824362],"Y":[0.835752515355125,0.717266466235742,0.815306581556797,0.8442435155157,0.0610954640433192,0.041907534468919,0.507268546149135,0.664338052272797,0.595015509519726,0.155844005290419,0.671478094067425,0.436482457676902,0.0156637041363865,0.63778206333518,0.644886606372893,0.690033005317673,0.149685770273209,0.766234754351899,0.00141472229734063,0.000630753114819527,0.826259855413809,0.223824424669147,0.574488346464932,0.331310142064467,0.304062014212832,0.673836505273357,0.908825141377747,0.107182176783681,0.766419631429017,0.539808325236663,0.0758791863918304,0.323720516404137,0.86338531342335,0.327334243338555,0.55621295562014,0.385856905486435,0.129894013749436,0.937615963397548,0.294303396018222,0.758382729254663,0.174346244661137,0.506339858286083,0.802554838126525,0.115349066210911,0.420669992687181,0.114623364526778,0.643734230427071]}
