{"X":[0.683356358436868,0.34609833615832,0.716994907241315,0.661611068528146,0.783739413600415,0.402105461107567,0.81109904171899,0.831062451703474,0.191350840032101,0.7387093026191,0.687280961545184,0.919233465800062,0.412589424988255,0.667264049407095,0.562655900139362,0.0774994562380016,0.464334052987397,0.619476803811267,0.975020084530115,0.346089190337807,0.969900202471763,0.534767882665619,0.0319990187417716,0.0834344720933586,0.59802025090903,0.119596355594695,0.51497014821507,0.307572839781642,0.826489068800583,0.188752818619832,0.830609613098204,0.779922268120572,0.959006852004677,0.729365273378789,0.357165550813079,0.393795891664922,0.11989686335437,0.278465632814914,0.870458639459684,0.741809169063345,0.86927015776746,0.75089333881624,0.597945173969492,0.44428765703924,0.109144086716697,0.596882517216727,0.891924742376432,0.834054934792221,0.55265003349632,0.00147870881482959],"Y":[0.727430659811944,0.448669705539942,0.83666284265928,0.0901002839673311,0.43512742803432,0.643963589565828,0.234793543582782,0.741709370398894,0.937808281276375,0.837954052723944,0.854716274654493,0.125700853765011,0.84441515034996,0.24365762877278,0.377117658266798,0.555309646762908,0.522835914744064,0.746328299399465,0.326281376881525,0.354772766586393,0.662241447716951,0.833613968454301,0.690034694969654,0.275768786901608,0.762543943244964,0.524874218041077,0.162322418531403,0.689472568454221,0.481731574749574,0.324723900994286,0.721579094883054,0.00838142121210694,0.57735340599902,0.382249707123265,0.805208157282323,0.940681128995493,0.725887647131458,0.281238671392202,0.291895113652572,0.842191404663026,0.624510685913265,0.362250973470509,0.387603763025254,0.129046346293762,0.176795777864754,0.648468221304938,0.569361067377031,0.130286646075547,0.644384644227102,0.0797586340922862]}
