{"X":[0.588068667100742,0.258937621023506,0.758078909944743,0.679093460785225,0.44119936786592,0.444655176019296,0.0438738085795194,0.912015875568613,0.280609925277531,0.980971353361383,0.578353124670684,0.291598192648962,0.733152619097382,0.00135657005012035,0.0341611176263541,0.234153421362862,0.0703896922059357,0.466566025745124,0.395369695266709,0.482029537903145,0.786092400550842,0.360915899742395,0.84894107375294,0.58264250960201,0.20642254431732,0.701367090921849,0.771744863828644,0.783175837947056],"Y":[0.00593159720301628,0.922040696023032,0.430047985864803,0.226311360253021,0.931196936639026,0.952249926980585,0.00679659657180309,0.322353965137154,0.63378770253621,0.575750573072582,0.969355410896242,0.556687901029363,0.00594438891857862,0.851739152800292,0.461775799281895,0.0898663511034101,0.976115779019892,0.24173411144875,0.302956806961447,0.767938259290531,0.701150869950652,0.939682697411627,0.316069416934624,0.715288396924734,0.984024967299774,0.419568786630407,0.0983927154447883,0.674514595419168]}
