{"X":[-0.839234994411573,0.117903115098089,-0.313508101456212,-0.0919673020562434,0.0639136115097467,-0.7771856405381,0.848100137713987,0.870046844867184,0.507799559060819,0.56850170668301,0.295826239099427,-0.225504630102509,-0.413442475361944,-0.287934239717407,0.442547655672929,0.532524677405889,-0.90740806047213,-0.500946996475194,0.851953050210733,-0.549389623130893,-0.503436650196327,-0.14168976569434,0.423631802096983,0.170798423854194,-0.451567224812612,0.357822802324177,-0.285519156062651,0.434761542745918,0.74985303014294,0.0468227209325848,-0.2657572612778,-0.0827838767539927,-0.129438277681524,-0.463927119708617,-0.144052428226151,0.107398118606326,-0.134665432135217,0.86305590783016,0.274124123333087,0.229045636030248,0.261308287639726,0.589344314876878,-0.128449030578039,-0.391918910574358,0.144963648048734,0.0268864861863959,0.664357387899223,-0.394819681115097,-0.209652271325,0.00665768470611621,-0.817090251154485,0.333258801503752,-0.316642657199815,0.41605765807599,0.0691016276238015,0.829385252606965,-0.00812889282923986,0.820655967358623,-0.514113681564023,0.732469645173428,-0.176886799906314,-0.531834727397048,-0.831708465239136,-0.391857108662589,0.695200455486694,-0.728597533692095,0.648416233433662,0.885427093941905,-0.733248569459648,0.635250863281547,-0.128346444253903,0.161604126689491,0.445119266956804,-0.848499992936796,0.448364254252593,0.0109460359859376,0.285670002885274,0.086369127935147,-0.558179245727213,0.78223744937661,0.576204909602203,0.769957733530352,0.785856055886127,0.511983030785006,0.404207084993814,0.692879903905236,0.363510959484978,0.368192418716243,0.439285941618907,-0.0449330550121369,0.591049105423528,0.216620658158482,-0.92849937362007,-0.395324896432946,-0.921819172365101,-0.475682136289439,-0.291644384644609,-0.972381752544628,-0.7133869327454,0.538474733475523],"Y":[-0.438318496123756,0.690213371167618,0.554512657775551,-0.365080892521081,-0.137053038834444,0.403898179034324,-0.197733020215609,-0.120311924380628,-0.794394319750338,-0.0121064961272848,-0.331500585389308,-0.715723748823023,0.33996451317222,0.668027177854708,-0.642924177140178,0.637802594783592,-0.103761617717472,-0.333816049280675,-0.322160562586091,-0.570642463509548,-0.303730918316866,0.904115433105581,0.565385029522766,-0.510234309625705,0.391055841342966,-0.754856240128244,-0.659083049110519,-0.391184475817357,0.635729925730758,-0.255613347784535,-0.252758381951288,0.541340877549158,0.386198853946676,0.646675737078187,0.265453127090135,-0.273746472043921,0.86852485723952,-0.34739846627233,-0.193257679720576,0.464236170348363,-0.835344776814277,0.337620533584592,0.563139438289939,-0.629001612776052,-0.652878255133899,-0.159509695244227,0.638337735858582,0.408346778665514,0.67736776239861,-0.391487598062029,0.00216847148343046,-0.734349002013995,0.894848940053506,-0.817780715053641,-0.0549757591553071,0.103270532691703,0.291314767091877,-0.25560088986202,-0.226967342447388,-0.549364252391905,0.687826088774291,0.379670901911817,-0.2085730845707,0.445714070768086,0.701870729738685,0.57213722618861,0.507303951524863,-0.263043925526944,0.403618681097353,-0.0304077567982881,-0.0608314774749014,-0.756642152739323,-0.304536888329875,-0.0458013188043939,0.283145418828292,0.193028641268741,-0.787205785492137,0.515259795417635,-0.364504078028011,-0.373395425109203,-0.779055908579691,0.563262362093699,-0.512035189504866,-0.831590891927878,-0.758624436653124,0.506228851028334,0.590348495635497,-0.145485040835567,0.372889946367002,0.58811115099614,0.198777929125889,0.533929924252968,-0.218454353090443,-0.180964466840703,0.0511540248327955,0.857930812921812,-0.829505717497241,-0.183652470412173,0.457653067982045,0.610097713312869]}
