{"X":[0.89723725663498,0.896528213052079,0.00872327946126461,0.316717210458592,0.507601085584611,0.815319754881784,0.287528730696067,0.633864715928212,0.575770368566737,0.155819929903373,0.756412125192583,0.721273686271161,0.404055550228804,0.0441723836120218,0.517384479520842,0.853230664273724,0.329894578782842,0.895650085294619,0.692478831158951,0.749645819421858,0.554032995132729,0.791624648496509,0.603031208971515,0.450870550237596,0.578109663445503,0.270743307191879,0.774010108085349,0.379606238566339,0.105977151775733,0.40505782305263,0.113597271731123,0.162554426584393,0.497813572641462,0.808182443026453,0.0931266287807375,0.809602251509205,0.994647942483425,0.879716840805486,0.508361493237317,0.512375273508951,0.516606772784144,0.656030640937388,0.64592377236113,0.33142870478332,0.715807092608884,0.808092662831768,0.729226750321686,0.830384213011712],"Y":[0.0663635595701635,0.492180834291503,0.323638891801238,0.239202639786527,0.212589021772146,0.732153348159045,0.727970437612385,0.191173622384667,0.897154721664265,0.242154298350215,0.678827967960387,0.0404181876219809,0.414155154488981,0.939672400709242,0.0767677458934486,0.59555140696466,0.637818112270907,0.467442065943033,0.00337903015315533,0.55062108905986,0.642863256623968,0.420246060471982,0.395984241506085,0.753237326163799,0.540896336780861,0.589304765686393,0.673557144589722,0.598987943259999,0.723639794858173,0.309281404362991,0.520729769952595,0.637272482505068,0.788291903212667,0.466423726873472,0.480722242733464,0.703227317426354,0.556796824559569,0.0467836651951075,0.229951450834051,0.914006282109767,0.360369167057797,0.556738854153082,0.819612413877621,0.470571693498641,0.781200682511553,0.199067651992664,0.0270577231422067,0.876640024129301]}
