{"X":[0.841020761057734,0.921798073220998,0.218413485214114,0.296415119199082,0.840519083896652,0.332199135795236,0.0923292546067387,0.744605119572952,0.301937151467428,0.901303957216442,0.438380496809259,0.148622746113688],"Y":[0.214547785697505,0.838329311925918,0.406181848142296,0.395562525605783,0.589935794007033,0.196582911768928,0.922244797460735,0.752718782518059,0.00317265512421727,0.886240891646594,0.448131710058078,0.324136669980362]}
