{"X":[0.0689144372008741,0.480700175510719,0.77678876533173,0.836154713062569,0.290799561422318,0.0275438507087529,0.610984993167222,0.976162529084831,0.501160614658147,0.902025090297684,0.348390960833058,0.617630284046754,0.594484231900424,0.239024870796129,0.943077091826126,0.255921999923885,0.56587196374312,0.665451233508065,0.231729383813217,0.812988396501169,0.29117398778908,0.315619695466012,0.294702655868605,0.598385995952412,0.8021429926157,0.718582785222679,0.29041201621294,0.56759551120922,0.457815086701885,0.659692043205723,0.724542822223157,0.190967113012448,0.924188253236935,0.083191687008366],"Y":[0.950624171644449,0.299404548481107,0.468965163454413,0.360566031653434,0.53578619309701,0.971807515947148,0.214219979010522,0.671166589716449,0.122792210895568,0.728531839791685,0.105685821268708,0.130254355026409,0.0201774262823164,0.674303382169455,0.119095693575218,0.529776687733829,0.517346683889627,0.415205933619291,0.959649929311126,0.763807327719405,0.783913949737325,0.470569966593757,0.390034226933494,0.499871256761253,0.103782291989774,0.748309974325821,0.64725812827237,0.600657589035109,0.378806706750765,0.493504415499046,0.984589878702536,0.647587839281186,0.697789233876392,0.505351101979613]}
