{"X":[0.89849295350723,0.860009217169136,0.388792697573081,0.0363837932236493,0.438411670038477,0.973722563125193,0.227554001612589,0.846330372616649,0.382552881492302,0.363726692507043,0.9080922647845,0.219532983843237,0.0327416558284312,0.405548074049875,0.667128473520279,0.508959332248196,0.821246305480599,0.966550651704893,0.420898202806711,0.639060650253668,0.697960733436048,0.376098141074181,0.653206166578457,0.293556810123846,0.5970581502188,0.714534703874961,0.0539417271502316,0.0724101872183383,0.98524002218619,0.434034371050075,0.432635708479211,0.321118164109066,0.222300536930561,0.245913933031261,0.726501341210678,0.00705320225097239,0.693455871427432,0.604198529617861,0.986779508879408,0.00205303332768381,0.749445932684466,0.200879884883761,0.47091016639024,0.8096299150493],"Y":[0.867469038581476,0.378719996195287,0.597986899316311,0.265671511180699,0.135643702931702,0.217819427372888,0.31210412690416,0.576627326896414,0.828449098858982,0.977539061103016,0.202209335519001,0.531447247136384,0.988396527245641,0.566380246775225,0.303059470839798,0.709852905711159,0.666732838377357,0.024172771256417,0.186242530588061,0.324011429911479,0.175815450493246,0.686897230101749,0.939460130175576,0.570954955648631,0.64794175629504,0.543609000043944,0.882795101962984,0.315643459791318,0.47525159525685,0.399671639781445,0.332562536466867,0.494630374480039,0.163021286716685,0.660505606094375,0.787038704846054,0.496591908624396,0.0611255045514554,0.452084125252441,0.889804471982643,0.832907707197592,0.688569974387065,0.736265103099868,0.641238125273958,0.865226219641045]}
