{"X":[0.367288482841104,0.790260327514261,0.224969297880307,0.18396032624878,0.541198293445632,0.455434720264748,0.606182845309377,0.562903927639127,0.391341894399375,0.457691139308736,0.255452268989757],"Y":[0.980902270879596,0.80340129416436,0.325740392785519,0.39556176867336,0.381040922598913,0.299579190090299,0.0221708342432976,0.881663493579254,0.587333971867338,0.132792523130774,0.69929367932491]}
