{"X":[0.971340524964035,0.361759420717135,0.266749224392697,0.0479681331198663,0.200142931891605,0.211870111757889,0.937578348675743,0.363799116108567,0.45588610926643,0.566182640381157,0.291355268796906,0.672964243916795,0.648776400368661,0.501186103094369,0.74427068978548,0.754456686321646,0.0480219048913568,0.681234552059323,0.00980729539878666,0.613738545915112,0.779126599431038,0.416852514958009,0.0877655493095517,0.714756934903562],"Y":[0.689842459512874,0.818849535891786,0.534354859031737,0.545525919646025,0.306080054724589,0.665359602076933,0.0554977559950203,0.0181340952403843,0.923596122534946,0.359932700172067,0.868497357703745,0.50858647422865,0.742528387578204,0.88828787044622,0.256857576780021,0.3407877527643,0.442362177185714,0.47333075478673,0.253915860550478,0.72199149383232,0.00789684639312327,0.60627631470561,0.65830369014293,0.45947985490784]}
