{"X":[0.834648766554892,0.565992955118418,0.184267190285027,0.571416604798287,0.851978955790401,0.277334263781086,0.686429302673787,0.550382401794195,0.625451712170616,0.900703963125125,0.498774421866983,0.0456024869345129,0.399679973721504,0.202381468843669,0.474505777470767,0.49021003395319,0.318414479726925,0.602083505131304,0.85135846119374,0.657968764426187,0.498207038268447,0.578926501329988,0.0314400929491967,0.158528381260112,0.394120594253764,0.148227310739458,0.300525837112218,0.55840021930635,0.685750043718144,0.804891868494451,0.658768095308915,0.0305838235653937,0.82200276828371,0.57392496871762,0.592113074613735,0.517681807279587,0.449358211830258,0.441364986822009,0.380149116972461,0.06162942154333,0.0484457390848547],"Y":[0.0746292001567781,0.258286415133625,0.944388380507007,0.515919808996841,0.415402786806226,0.79786930186674,0.0749791585840285,0.849505294580013,0.435018716147169,0.98487467574887,0.185052989050746,0.873190724058077,0.893287660554051,0.352700976189226,0.867350463988259,0.375040382612497,0.741596890613437,0.0119393216446042,0.424448553239927,0.032885541440919,0.768969203112647,0.367078002309427,0.310193405719474,0.209809766151011,0.884773168247193,0.45232695969753,0.820030229631811,0.248906519496813,0.172670277766883,0.0682579032145441,0.808202824322507,0.275567931123078,0.0601820559240878,0.989304361166432,0.311567217111588,0.978967322036624,0.927025720244274,0.169068785617128,0.47939466452226,0.330156954005361,0.0979524597059935]}
