{"X":[0.178938251920044,0.502254044171423,0.386054281145334,0.658942486159503,0.00401516491547227,0.901594039984047,0.670024894410744,0.885566480923444,0.797997342189774,0.124880090123042,0.138628345448524,0.941157152643427,0.8699423330836,0.975388152291998,0.515421000309289,0.158365782117471],"Y":[0.152759898919612,0.44253251934424,0.534607176436111,0.943346843356267,0.415091556264088,0.855464547406882,0.375107878120616,0.110379028134048,0.0492726101074368,0.40456512151286,0.0825928943231702,0.147489187307656,0.739046168280765,0.854209838667884,0.836713595781475,0.738724783761427]}
