{"X":[0.789190327515826,0.408265398349613,0.0362692214548588,0.420902893180028,0.749741535400972,0.269575875718147,0.195306089706719,0.363546281587332,0.0450276751071215,0.00650337967090309],"Y":[0.873579371953383,0.817778243217617,0.986915541114286,0.772374670254067,0.846026476938277,0.523725089384243,0.534693226218224,0.582288144389167,0.30015647993423,0.597176222596318]}
