{"X":[0.078811616403982,0.287514168769121,0.63576124003157,0.549574475036934,0.935547693865374,0.481312377378345,0.181175995850936,0.807284280657768,0.304675090126693,0.333802315639332,0.656895131804049,0.916846642270684,0.0740484511479735,0.00454462319612503,0.533524572616443,0.541882042773068,0.483465070370585,0.0518515531439334,0.301957509713247,0.0326031954027712,0.258451228728518,0.586055091582239,0.494314669398591,0.898087960202247,0.585283318301663,0.624400741886348],"Y":[0.537367184879258,0.27359329815954,0.659444359131157,0.973565154941753,0.32654877891764,0.0497115424368531,0.999631797662005,0.13989441213198,0.271780016133562,0.387074175057933,0.77666609082371,0.649658635258675,0.216333547607064,0.764239835552871,0.0798810042906553,0.558394331019372,0.590404597111046,0.0125212573911995,0.541334571084008,0.640200810972601,0.666187651222572,0.0512908736709505,0.361051484942436,0.429146129870787,0.209211364155635,0.455026230541989]}
