{"X":[0.416139120236039,0.472321795998141,0.597358777653426,0.0383571055717766,0.721659725531936,0.146100049139932,0.460079073905945,0.0663707419298589,0.653463662136346,0.12631713366136,0.294181802775711,0.886686857324094,0.462918637087569,0.105990045471117,0.05662313522771,0.615493139252067,0.0236712540499866,0.26017127558589],"Y":[0.563698436133564,0.542194657027721,0.709944634465501,0.296113630989566,0.993643829599023,0.280117993243039,0.624739465303719,0.0628395120147616,0.375230256468058,0.0785709803458303,0.74265644652769,0.174041670514271,0.0405781848821789,0.955812202533707,0.493459705729038,0.279740525409579,0.57430852483958,0.169719105120748]}
