{"X":[0.968128403648734,0.536591617856175,0.931358818896115,0.40152754355222,0.305198673158884,0.30169781926088,0.974536530906335,0.986046349164099,0.49135907413438,0.189784427173436,0.775241195689887,0.428513212595135,0.488196893595159,0.268258927389979,0.859473253600299,0.344261994352564,0.973788581555709,0.391594326822087,0.3618051528465,0.0902467309497297,0.207007286604494,0.93424341455102,0.857399631291628,0.389749984256923,0.960974336136132,0.192842922871932,0.0756563825998455,0.666441279696301,0.673381751403213,0.273434123024344,0.473043016623706],"Y":[0.830242198193446,0.395519129466265,0.00225498736836016,0.195850148797035,0.561076209647581,0.0183251718990505,0.648677615448833,0.294998691184446,0.229770860401914,0.640747307799757,0.657140806782991,0.682847150368616,0.987013811245561,0.761331608751789,0.252451414009556,0.25473118131049,0.393541844794527,0.492484191898257,0.366065545240417,0.293794773286209,0.040806817356497,0.544910934986547,0.496818342944607,0.497377818450332,0.574349989183247,0.948183812433854,0.495880607748404,0.203687176574022,0.663631888804957,0.143170341150835,0.576613798737526]}
