{"X":[0.519757495028898,0.955059377709404,0.446148684713989,0.955119697842747,0.0576005668845028,0.00734597886912525,0.665960720740259,0.120849809842184,0.66296538664028,0.948954813182354,0.0555251070763916,0.367006436455995,0.957603882765397,0.506976373493671,0.294657381717116,0.890598436817527,0.896271396428347,0.613034904701635,0.277831835206598,0.25968910753727,0.675927985925227,0.391849739244208,0.532884404528886,0.48317465535365,0.106978580122814],"Y":[0.353936013067141,0.803020479390398,0.00377070531249046,0.92464121314697,0.164140530396253,0.701347299618647,0.00424753013066947,0.651688947342336,0.591892482712865,0.654250709572807,0.363639403600246,0.244499177671969,0.872617952292785,0.561761836986989,0.888057242613286,0.216617400990799,0.0694044646807015,0.531670184573159,0.0132483197376132,0.757515755482018,0.38934621703811,0.962577748112381,0.849284429568797,0.726793014910072,0.109481470426545]}
