{"X":[0.110973614035174,0.631391025846824,0.564861689228565,0.58319505257532,0.873278888640925,0.281432922231033,0.403504790272564,0.945312879513949,0.581677681999281,0.886034639785066,0.0379454880021513,0.941478483844548,0.0455305762588978,0.993104425957426,0.720774316927418],"Y":[0.851116881240159,0.364618971478194,0.686805161647499,0.120738107012585,0.131785335717723,0.988294266862795,0.0466123181395233,0.951384741812944,0.890886242734268,0.362301469547674,0.240086957579479,0.223498675506562,0.2386164967902,0.0336682780180126,0.439369396306574]}
