{"X":[0.505781254498288,0.591660027392209,0.271521895658225,0.664069015765563,0.567354139871895,0.00164040946401656,0.477501645684242,0.801962496712804],"Y":[0.758195178350434,0.556998725282028,0.22134596738033,0.731719678035006,0.803723447956145,0.981404217425734,0.164331742329523,0.502555705374107]}
