{"X":[0.670671518426389,0.298916226485744,0.525150553556159,0.0386361831333488,0.93102166778408,0.880473936675116,0.231859812978655,0.52294714609161,0.686727742897347,0.219291801331565,0.298926116898656,0.532728040125221,0.449793871724978,0.261692422907799,0.168750812066719,0.893446085276082,0.812771681463346,0.980433417018503,0.555067125475034,0.447044136701152,0.446824405575171,0.532783251721412,0.0914606025908142,0.0855674431659281,0.46205923310481,0.052509177941829,0.0301064951345325,0.291698151966557,0.909027490764856],"Y":[0.669853440485895,0.0040721136610955,0.948805710533634,0.0904228016734123,0.790407239226624,0.930953932460397,0.984906806377694,0.550548466620967,0.303422812139615,0.510957325808704,0.167059727944434,0.419502868317068,0.968338104896247,0.481210113037378,0.303499179426581,0.918669155798852,0.831788309384137,0.100843113381416,0.711716319667175,0.915373883908615,0.503368019592017,0.37421246082522,0.729175100103021,0.0506014756392688,0.377420151606202,0.837926816660911,0.131715614814311,0.145541395992041,0.817791616311297]}
