{"X":[0.963918077293783,0.59017791878432,0.73244782583788,0.252550160745159,0.25886526866816,0.949394025607035,0.156786307459697,0.896050844341516,0.333727386081591,0.39489404624328,0.974355357931927,0.0969354773405939,0.897003703517839,0.803678608732298,0.26136613660492,0.469104614574462,0.996129981940612,0.847726813517511,0.367946027079597,0.963546813931316,0.666624152800068,0.195111861685291,0.826860558008775,0.267124360660091,0.623041634680703,0.00854248530231416,0.430229149758816,0.26171466964297,0.296551059931517,0.513889691792428,0.94230588991195,0.423480852972716,0.0614474241156131,0.36592052038759,0.118711207062006,0.111237938283011,0.254457042086869,0.733727783663198,0.355852326843888,0.790059397695586,0.624766611261293,0.942497538868338,0.332235058536753,0.890585942426696,0.603996803285554,0.158790769753978],"Y":[0.515797224361449,0.287720993859693,0.866380056599155,0.343348445836455,0.927644733572379,0.0805716465692967,0.78441417706199,0.0679541667923331,0.496655205264688,0.463810208253562,0.798301921458915,0.562569892266765,0.808568384032696,0.456807892071083,0.59083769004792,0.64049305091612,0.686532139778137,0.634027904830873,0.0438620909117162,0.653682875446975,0.41719448659569,0.883394637145102,0.0620822657365352,0.114088140893728,0.577253607101738,0.290680160513148,0.227005779510364,0.704736039973795,0.532845399575308,0.639909170102328,0.789549842011184,0.975630962755531,0.829953594598919,0.831406465033069,0.479453674051911,0.560141470748931,0.185602448182181,0.650299011729658,0.327880604192615,0.239418532000855,0.237943514948711,0.444636854575947,0.174848730210215,0.20809962018393,0.238286182982847,0.495204078033566]}
