{"X":[0.693279095226899,0.230079023865983,0.369931399589404,0.591562143759802,0.289922039490193,0.0600510537624359,0.214425228303298,0.283929721452296,0.900604042224586,0.763270996743813,0.354115133406594,0.452958630397916,0.603408269118518,0.956027479609475,0.439966062782332,0.577298084739596,0.262145134387538,0.28464512526989,0.466077245539054,0.00926476903259754,0.929404880618677,0.926348572131246,0.12872134684585],"Y":[0.411838737083599,0.587414936162531,0.963678313186392,0.116038294043392,0.605719379149377,0.344702453352511,0.0749814629089087,0.0112092776689678,0.518985338043422,0.00108596379868686,0.0238491736818105,0.853086187737063,0.84702369151637,0.467220213962719,0.995487121166661,0.980634022271261,0.621828489005566,0.625803007278591,0.96314558130689,0.520331203937531,0.619930749991909,0.815329630859196,0.325206153327599]}
