{"X":[0.123964146245271,0.0793417254462838,0.145235724048689,0.469494569813833,0.45460570929572],"Y":[0.549221348250285,0.700508050853387,0.451363570988178,0.23880047746934,0.499223311198875]}
