{"k1":[-1.42293640313814,-1.42293640313814,-0.982537600230674,-0.982537600230674,36.8125536896193,-3.65786660113083,-1.42293640313814,36.8125536896193,-2.04736424909982,-0.982537600230674,-2.29965979601994,36.8125536896193,-3.65786660113083,-24.6922678389816,-2.29965979601994,-1.42293640313814,-3.65786660113083,-2.04736424909982,-1.33008822708065,-2.20870809566747,-2.29965979601994,-1.42293640313814,-0.982537600230674,-1.33008822708065,-2.29965979601994,-1.42293640313814,-3.65786660113083,36.8125536896193,-3.47749462427652,-3.65786660113083,-2.04736424909982,-24.6922678389816,-1.72140362858887,0.351915125611423,1.16658069811401,0.247374670708113,-0.982537600230674,36.8125536896193,-3.47749462427652,3.38056949034667,0.351915125611423,36.8125536896193,-3.47749462427652,-2.04736424909982,-2.29965979601994,1.99281059739065,36.8125536896193,-3.65786660113083,-24.6922678389816,-1.42293640313814,-0.982537600230674,0.156206335363813,-1.33008822708065,0.0135088439296853,0.351915125611423,1.16658069811401,0.247374670708113,-1.35122564353571,0.00401347303528296,-0.982537600230674,36.8125536896193,0.156206335363813,-3.65786660113083,3.38056949034667,-2.20870809566747,0.351915125611423,1.16658069811401,-1.35122564353571,-1.40422736466807,0.156206335363813,-3.65786660113083,-2.04736424909982,-2.20870809566747,1.16658069811401,-1.89639705454364,-0.982537600230674,0.156206335363813,-3.65786660113083,0.351915125611423,1.16658069811401,-0.982537600230674,36.8125536896193,-3.47749462427652,0.156206335363813,-3.65786660113083,-2.04736424909982,3.38056949034667,-2.20870809566747,0.351915125611423,1.16658069811401],"k2":[36.8125536896193,-3.65786660113083,-3.65786660113083,-2.04736424909982,-2.04736424909982,-1.33008822708065,-24.6922678389816,-1.72140362858887,3.38056949034667,-2.20870809566747,0.0135088439296853,0.0135088439296853,0.0135088439296853,0.0135088439296853,0.351915125611423,0.351915125611423,0.351915125611423,0.351915125611423,0.351915125611423,0.351915125611423,1.16658069811401,1.16658069811401,1.16658069811401,1.16658069811401,0.247374670708113,0.247374670708113,0.247374670708113,-1.35122564353571,-1.35122564353571,-1.35122564353571,-1.35122564353571,-1.35122564353571,-1.35122564353571,-1.35122564353571,-1.35122564353571,-1.35122564353571,-1.89639705454364,-1.89639705454364,-1.89639705454364,-1.89639705454364,-1.89639705454364,-1.40422736466807,-1.40422736466807,-1.40422736466807,0.00401347303528296,0.00401347303528296,0.00401347303528296,0.00401347303528296,0.00401347303528296,-2.78666255472144,-2.78666255472144,-2.78666255472144,-2.78666255472144,-2.78666255472144,-2.78666255472144,-2.78666255472144,-2.78666255472144,-2.78666255472144,-2.78666255472144,-1.86029715619641,-1.86029715619641,-1.86029715619641,-1.86029715619641,-1.86029715619641,-1.86029715619641,-1.86029715619641,-1.86029715619641,-1.86029715619641,-1.86029715619641,-1.53490134787548,-1.53490134787548,-1.53490134787548,-1.53490134787548,-1.53490134787548,-1.53490134787548,-1.90065835573888,-1.90065835573888,-1.90065835573888,-1.90065835573888,-1.90065835573888,-1.7659164550667,-1.7659164550667,-1.7659164550667,-1.7659164550667,-1.7659164550667,-1.7659164550667,-1.7659164550667,-1.7659164550667,-1.7659164550667,-1.7659164550667],"X":[0.345421536585682,0.119435433188395,0.0649873092478461,0.189760215085634,0.34746575940742,0.106242367173897,0.312435264266923,0.346406910103017,0.320099332977376,0.162486916422819,0.213407118221712,0.340455609025373,0.257628342824823,0.321749861740889,0.0721324182643858,0.212152040466658,0.1604746276839,0.279945527631854,0.235528391987632,0.26120299692102,-0.154829997501105,-0.135702577454289,-0.120205910479195,-0.132890256303495,0.111767780994773,0.281354928351373,0.188690034124987,0.346467678806073,0.449571867140172,0.109152469280293,0.402182632630733,0.310826112889226,0.340141914702354,0.229982559588569,-0.133548732228166,0.303455809599599,0.224000652089113,0.348889184987509,0.425838665352186,0.329757889197299,0.299918719565375,0.346706130151204,0.447812256364284,0.392604804717954,0.217969807884016,0.466116564480894,0.340137277500057,0.260613378630929,0.322217126451623,-0.0169611199536582,-0.0644067062946847,-0.12125690936447,-0.0293507125983578,0.234196447021265,0.112601339365658,-0.0947410629422276,0.147269099377089,-0.0266710592580745,0.238033635032748,0.129473348564401,0.34686027377693,-0.0629797923980972,0.033498546799198,0.314654582092241,0.245658744231219,0.263651128923345,-0.047801814212189,0.376292106952561,0.359776878438583,-0.0273570509269056,-0.00966539044755165,0.0149864755076842,0.0072052433840222,-0.0236740424295763,0.0285574414659778,0.112874357837329,-0.0666126216816049,0.0399668864577019,0.254481415151404,-0.0504376830004754,0.174964693536521,0.348315854776814,0.432895186816521,-0.0538892725637008,0.0194501910837384,0.230941915470474,0.324975117880931,0.14041146185243,0.28645782949207,-0.0413548843139057],"Y":[-0.194998792379801,0.126565060747537,0.325729034803903,0.203134963328235,-0.119745730001018,0.174823536288482,-0.148061424693612,-0.158724676868558,-0.0637166869025241,0.229932004746771,-0.379523545546186,-0.377807267312417,-0.378926167924643,-0.378059960333072,-0.0546397978595418,-0.00536477492416521,-0.0235508381348829,0.0184927786272109,0.00286171675767544,0.0118969985778322,0.467296544883922,0.489610223915257,0.507688336493502,0.492891023486672,-0.145787648031281,-0.103836083297614,-0.126759030993068,-0.156487625724669,-0.295804648957637,0.164178770987618,-0.231771100060956,-0.108327827882056,-0.147940091052764,0.000910054452339069,0.492122858182776,-0.0983688850764747,0.169492446523986,-0.0673457994108093,-0.213272567323046,-0.0310652664246517,0.0255216469753574,-0.147709622779676,-0.289685611943667,-0.212161797608302,-0.390016179524302,-0.389020249207907,-0.389525863679208,-0.389845030702981,-0.38959778572223,0.32064868147593,0.452863520319271,0.611285852442151,0.355174295367166,-0.37924270574803,-0.0403981724068288,0.537395136110545,-0.137005521086752,0.347707005744165,-0.389935653895056,0.262369076485434,-0.142035202281714,0.620389107319036,0.440910727275755,-0.0821230456273498,0.0462297153348977,0.0127585332589436,0.59215355766298,-0.196787157839989,-0.166063925201503,0.625953605219864,0.598798651703948,0.560960469421611,0.572903893096352,0.620300550513076,0.540130375480254,0.278678209000662,0.619821636369657,0.417250403674144,0.0095315722850704,0.589078604011804,0.217672119565262,-0.0884515485738936,-0.237811582781362,0.621809104108919,0.492297738448141,0.118821022243173,-0.0472337572160713,0.27869023997193,0.0207845561543686,0.599674421644412],