{"k1":[1.70953998971561,4.76986106827986,-6.6589847519851,1.70953998971561,4.76986106827986],"k2":[-6.6589847519851,-0.604068418479886,-0.604068418479886,-1.94314371431552,-1.94314371431552],"X":[-0.366296124473605,-0.154279903353787,-0.285791757333563,-0.210782191821184,-0.0393411008302848],"Y":[0.0588291471173052,-0.556690363781365,-0.477248206136444,0.324686433944557,-0.00844824438980452],"dol_1":[1.47008854529367,1.89697622293781,1.76958038996004,1.47008854529367,1.89697622293781],"dol_2":[1.76958038996004,1.16701574181089,1.16701574181089,1.9857896364851,1.9857896364851]}
