{"k1":[-1.26357329674835,-1.26357329674835,-2.55708154677845,-1.26357329674835,-1.60043496183399,-1.26357329674835,-0.240398840409918,-1.60043496183399,-2.55708154677845,-48.9590428748367,-4.67512520393129,9.97514051841752,1.3525521953671,1.61395742345363,-4.67512520393129,9.97514051841752,-1.26357329674835,-2.55708154677845,-4.67512520393129,-1.26357329674835,-2.55708154677845,-0.808974862060275,-4.67512520393129,-4.67512520393129,9.97514051841752,-3.77983270856183,-1.26357329674835,-2.55708154677845,-4.67512520393129,-1.04462169782197,-2.01204231234434,-3.77983270856183,-1.26357329674835,-2.55708154677845,-1.60043496183399,-48.9590428748367,-4.67512520393129,9.97514051841752,-1.04462169782197,-2.01204231234434,-3.77983270856183],"k2":[-48.9590428748367,9.97514051841752,9.97514051841752,1.3525521953671,1.3525521953671,1.61395742345363,1.61395742345363,1.61395742345363,-1.04462169782197,-1.04462169782197,-1.04462169782197,-1.04462169782197,-1.04462169782197,-1.04462169782197,-2.01204231234434,-2.01204231234434,-0.332208022438171,-0.332208022438171,-0.332208022438171,-0.283349919655289,-0.283349919655289,-0.283349919655289,-0.283349919655289,0.741871478969008,0.741871478969008,0.741871478969008,1.75716373496884,1.75716373496884,1.75716373496884,1.75716373496884,1.75716373496884,1.75716373496884,0.9738050604461,0.9738050604461,0.9738050604461,0.9738050604461,0.9738050604461,0.9738050604461,0.9738050604461,0.9738050604461,0.9738050604461],"X":[0.273846711996549,0.253568911262689,0.213387200726373,0.493421029219068,0.530389658964993,0.516984544603415,0.351172831733151,0.548477353102691,0.00226059626236674,0.276330985487416,-0.0782455678657001,0.242364279000145,0.463821016169194,0.492235569248521,-0.0495702435041336,0.210119059564353,0.0719514376085744,-0.0487935916887534,-0.091194333971868,0.0605305441406677,-0.0511226500742855,0.230274032197553,-0.0919284411789477,0.120654209582597,0.187706266905726,0.112286918203208,0.208922896346175,0.10558706315625,0.0261242337022049,0.161364757865678,0.0796051696620501,0.00400639495865082,0.449511810932113,0.235112437384172,0.497665526269812,0.281717869095024,0.09606517719263,0.204865204461266,0.409594399144585,0.225957683018928,0.0834750734565397],"Y":[0.357879700286408,0.383502187810498,-0.0173160210596329,0.0804314563922817,0.130433457714845,0.0506572275751027,-0.216955817307422,0.101485279637913,0.52255192324927,0.236252047934273,0.606650409105865,0.271734406534425,0.0403958937587793,0.0107134350782008,0.472589677452201,-0.0499161883848069,0.612989177742734,0.653101645144838,0.667187511888622,0.627420313753788,0.659057237363852,0.579323510050861,0.670619554994829,-0.323230953498992,-0.273486944564768,-0.329438408329584,0.439915700065234,0.258337721461108,0.118708519266446,0.356348263824678,0.212683280447277,0.0798438551303841,0.135913972100773,-0.0728692228166855,0.182806303775906,-0.0274846175723825,-0.208274148432375,-0.102324131301503,0.0970421945021679,-0.0817841689447013,-0.220534455162121],"dol_1":[1.53603392775293,1.53603392775293,1.1559184759883,1.53603392775293,1.03325050113986,1.53603392775293,0.547393359106215,1.03325050113986,1.1559184759883,0.748470130856837,1.4277957437735,1.07335420209685,0.78644422362176,1.11999845850558,1.4277957437735,1.07335420209685,1.53603392775293,1.1559184759883,1.4277957437735,1.53603392775293,1.1559184759883,0.521849101333161,1.4277957437735,1.4277957437735,1.07335420209685,1.25153401437653,1.53603392775293,1.1559184759883,1.4277957437735,1.40948943320446,0.994108376194749,1.25153401437653,1.53603392775293,1.1559184759883,1.03325050113986,0.748470130856837,1.4277957437735,1.07335420209685,1.40948943320446,0.994108376194749,1.25153401437653],"dol_2":[0.748470130856837,1.07335420209685,1.07335420209685,0.78644422362176,0.78644422362176,1.11999845850558,1.11999845850558,1.11999845850558,1.40948943320446,1.40948943320446,1.40948943320446,1.40948943320446,1.40948943320446,1.40948943320446,0.994108376194749,0.994108376194749,0.45011627767581,0.45011627767581,0.45011627767581,0.945813633819898,0.945813633819898,0.945813633819898,0.945813633819898,0.950659099755779,0.950659099755779,0.950659099755779,1.51272428055291,1.51272428055291,1.51272428055291,1.51272428055291,1.51272428055291,1.51272428055291,1.71830013084936,1.71830013084936,1.71830013084936,1.71830013084936,1.71830013084936,1.71830013084936,1.71830013084936,1.71830013084936,1.71830013084936]}
