{"k1":[-0.37342751902211,-0.231361255965964,-0.557663463070223,-0.214034515415747,4.08127334127494,4.08127334127494,0.991730166916105,-0.116043285992078,-0.131481449056427,-1.8645065252587,-1.18401615312409,-1.8645065252587,4.08127334127494,-1.18401615312409,-0.131481449056427,0.991730166916105,-0.116043285992078,4.08127334127494,-0.131481449056427,-1.8645065252587,4.08127334127494,-1.18401615312409,4.08127334127494,-0.164253954356444,-1.18401615312409,-0.131481449056427,-0.131481449056427,-0.131481449056427,-1.18401615312409],"k2":[0.73293765959271,0.73293765959271,0.73293765959271,0.73293765959271,0.73293765959271,-0.154116543031354,-0.460201958580384,-0.460201958580384,-0.460201958580384,0.883321446918197,0.883321446918197,0.82277996262684,0.82277996262684,0.82277996262684,0.130648876446824,-0.37342751902211,-0.37342751902211,-0.37342751902211,-0.37342751902211,0.577971282803609,0.577971282803609,0.577971282803609,-0.231361255965964,-25.2701107503963,-25.2701107503963,-25.2701107503963,-9.7231478575708,-2.08695787805188,-35.9246595529108],"X":[0.735573117507664,0.713545725156395,0.756916641890011,0.710407021717546,0.700083467236067,0.699774413052774,0.665225626376253,0.502131527651193,0.49209225080214,0.429586679488347,0.381685391506204,0.433598417926703,0.691817359753724,0.385612385067017,0.265345243327095,0.693061515398395,0.594786693628621,0.708897642304849,0.587058977116325,0.451848518872347,0.661049329190098,0.404243658213987,0.703093608814454,0.231052806932609,0.240342920463714,0.230766747318525,0.236378970400996,0.271815819291379,0.243769435153627],"Y":[0.639769686082353,0.623624980685484,0.65541315889061,0.621324506732858,0.613757984872526,0.612496650273239,0.628038997321486,0.703095220987661,0.707715315856326,0.375044281958692,0.33273204694906,0.367564369462746,0.580021740768724,0.328082423139843,0.737528340968353,0.655644688187672,0.692343211063499,0.649731042606075,0.695228953068392,0.333536937162962,0.454448997865866,0.306022694780562,0.626043195449858,0.734846013600643,0.500083815785841,0.742074771729752,0.741336868506441,0.736677580264339,0.496026767044068]}
