{"k1":[0.73293765959271,-0.154116543031354,-0.37342751902211,-0.460201958580384,-0.37342751902211,0.73293765959271,-0.460201958580384,0.82277996262684,0.82277996262684,0.577971282803609,-0.154116543031354,-0.37342751902211,0.577971282803609,-0.231361255965964,0.883321446918197,0.82277996262684,0.577971282803609,-0.262576623011583,0.130648876446824,-0.231361255965964,0.883321446918197,0.82277996262684,0.577971282803609,-0.37342751902211,-0.231361255965964,0.73293765959271,0.82277996262684,1.71804221705545,0.130648876446824,-0.460201958580384,-0.37342751902211,-0.262576623011583,-0.231361255965964,-2.08695787805188,-1.8645065252587,-0.460201958580384,-0.37342751902211,-2.08695787805188,0.73293765959271,-0.154116543031354,-0.37342751902211,0.82277996262684,0.577971282803609,-0.231361255965964,-25.2701107503963,-35.9246595529108,-2.08695787805188,-1.8645065252587,0.991730166916105,-0.460201958580384,-0.37342751902211,-25.2701107503963,-9.7231478575708,-2.08695787805188,-0.309628967034052,0.73293765959271,-0.460201958580384,0.82277996262684,-25.2701107503963,-0.262576623011583,-35.9246595529108,1.71804221705545,-2.08695787805188,-1.8645065252587,3.7954605214309,0.991730166916105,4.08127334127494,-25.2701107503963,0.883321446918197,0.82277996262684,0.577971282803609,-25.2701107503963,-35.9246595529108,0.991730166916105,-0.460201958580384,-0.37342751902211,-25.2701107503963,0.130648876446824,-9.7231478575708,-2.08695787805188],"k2":[-0.37342751902211,0.82277996262684,0.82277996262684,0.130648876446824,0.130648876446824,-0.231361255965964,-0.231361255965964,-0.231361255965964,4.12128183830352,4.12128183830352,1.71804221705545,1.71804221705545,1.71804221705545,1.71804221705545,-2.08695787805188,-2.08695787805188,-2.08695787805188,-2.08695787805188,-2.08695787805188,-2.08695787805188,-1.8645065252587,-1.8645065252587,-1.8645065252587,3.7954605214309,3.7954605214309,-0.557663463070223,-0.557663463070223,-0.557663463070223,-0.309628967034052,0.991730166916105,0.991730166916105,0.991730166916105,0.991730166916105,0.991730166916105,0.991730166916105,-0.116043285992078,-0.116043285992078,-0.116043285992078,4.08127334127494,4.08127334127494,4.08127334127494,4.08127334127494,4.08127334127494,4.08127334127494,-0.230299152674968,-0.230299152674968,-0.230299152674968,-0.230299152674968,-0.230299152674968,0.0633514936093525,0.0633514936093525,0.0633514936093525,0.0633514936093525,0.0633514936093525,0.0633514936093525,-0.214034515415747,-0.214034515415747,-0.214034515415747,-0.214034515415747,-0.214034515415747,-0.214034515415747,-0.214034515415747,-0.214034515415747,-0.214034515415747,-0.214034515415747,-0.214034515415747,-0.214034515415747,-0.164253954356444,-1.18401615312409,-1.18401615312409,-1.18401615312409,-1.18401615312409,-1.18401615312409,-1.18401615312409,-0.131481449056427,-0.131481449056427,-0.131481449056427,-0.131481449056427,-0.131481449056427,-0.131481449056427],"X":[0.735573117507664,0.726315613004178,0.755424677499078,0.391496189406061,0.419761070459567,0.713545725156395,0.635661907907993,0.73795002297633,0.690401798258359,0.660078979700726,0.85713694497442,0.860067863185694,0.839188524807381,0.858244491411968,0.440485371210174,0.444417173351266,0.462137716351476,0.278358056375181,0.271050970347683,0.277664834983161,0.429586679488347,0.433598417926703,0.451848518872347,0.708417909965009,0.702184997061861,0.756916641890011,0.772729700790078,0.862093419289313,0.447649058890628,0.665225626376253,0.693061515398395,0.65996601173028,0.670757005290047,0.433831245766573,0.422827973780727,0.502131527651193,0.594786693628622,0.275294289485183,0.700083467236067,0.699774413052774,0.708897642304849,0.691817359753724,0.661049329190099,0.703093608814454,0.231631567177323,0.237566814686921,0.2856639762019,0.246263861005695,0.658945364914367,0.313293817515844,0.330377267386646,0.229081398519983,0.231904524072177,0.248240871281533,0.348007966289385,0.710407021717546,0.65321799680894,0.735491128024968,0.231488755470255,0.468426222620651,0.237463908740484,0.858003762442186,0.283284210621793,0.243951619448018,0.70139459598112,0.667677089346074,0.702359466807534,0.231052806932609,0.381685391506204,0.385612385067017,0.404243658213987,0.240342920463714,0.243769435153627,0.375199549941246,0.49209225080214,0.587058977116326,0.230766747318525,0.265345243327095,0.236378970400996,0.271815819291379],"Y":[0.639769686082353,0.608406212288824,0.632356567286041,0.754009820336274,0.757702595288818,0.623624980685484,0.641644278463498,0.617978771690897,0.578857045134472,0.453888163726726,0.588244480850813,0.593279922072518,0.557408337274391,0.59014729238787,0.384671330099931,0.376465824646637,0.339483797828993,0.723024207042217,0.738273787792905,0.724470930887526,0.375044281958692,0.367564369462746,0.333536937162962,0.649910187863537,0.626253413006124,0.65541315889061,0.646594793702666,0.59675991297155,0.761346129643698,0.628038997321486,0.655644688187672,0.62282287881072,0.633524632654938,0.398558209615999,0.387645932852852,0.703095220987661,0.692343211063499,0.729418159489812,0.613757984872526,0.612496650273239,0.649731042606076,0.580021740768725,0.454448997865867,0.626043195449858,0.720220678118777,0.718853795646401,0.707777060103429,0.716850873248411,0.621810672573612,0.789998705045784,0.7910809671111,0.784663722521941,0.784842571742318,0.785877503738151,0.792197898219965,0.621324506732858,0.633564931966271,0.615955642194712,0.723829545772847,0.673116749807478,0.722550656738119,0.589733709854916,0.71274353062875,0.721162062720674,0.623253476908075,0.630470187101734,0.623046961248304,0.734846013600643,0.33273204694906,0.328082423139843,0.306022694780562,0.500083815785841,0.496026767044067,0.340411388128573,0.707715315856326,0.695228953068392,0.742074771729752,0.737528340968353,0.741336868506441,0.736677580264339]}
