{"k1":[0.821344374804777,0.904898142614097,0.904898142614097,1.41807906250454,0.904898142614097,1.41807906250454,0.904898142614097,1.41807906250454],"k2":[45.1657614720892,45.1657614720892,24.0876595794463,24.0876595794463,0.0159611047568501,10.505713318011,-0.70330895846637,-0.70330895846637],"X":[0.415132608669358,0.414497012799218,0.409115757844489,0.401357675020838,0.23659468315321,0.408806984999784,0.212688188365344,0.343110044852685],"Y":[0.432610772722344,0.403903601258936,0.39903411364547,0.212160055600192,0.242920113595542,0.222723766111442,0.221287170865589,0.129560310818227]}
