{"k1":[0.305375523453471,0.305375523453471,0.257937432642611,-2.00751305266325,-1.19993086009122,-1.32047595858179,-2.00751305266325,0.305375523453471,-1.32047595858179,-2.00751305266325,0.305375523453471,0.257937432642611],"k2":[-1.19993086009122,-1.32047595858179,-1.32047595858179,0.0331106839525664,0.0331106839525664,0.0331106839525664,-0.128882818354019,-0.128882818354019,-0.128882818354019,-0.346658126343828,-0.346658126343828,-0.346658126343828],"X":[0.604867458346487,0.560361890210626,0.565323488700791,0.33654775338748,0.553958156696178,0.50503437520333,0.350713297910597,0.588046629926089,0.550272599867858,0.374111126236261,0.449179965691925,0.453409562203017],"Y":[0.273492211976646,0.259901300810563,0.253349629288164,0.32738124694059,0.334579854092545,0.332959954225771,0.298943731412352,0.268355542692846,0.27322396614734,0.251972285644606,0.2259490624121,0.224482838410375]}
