{"k1":[-0.128882818354019,-0.346658126343828,-0.128882818354019,-0.346658126343828,-0.346658126343828],"k2":[-2.00751305266325,-2.00751305266325,0.305375523453471,0.305375523453471,0.257937432642611],"X":[0.350713297910597,0.374111126236261,0.588046629926089,0.449179965691925,0.453409562203017],"Y":[0.298943731412352,0.251972285644606,0.268355542692846,0.2259490624121,0.224482838410375]}
