{"k1":[0.274798139344171,0.146488519031574,0.274798139344171,0.0827238880133266,-0.197469560376873,0.223975522422708,-0.557779743770104,0.0827238880133266,-0.197469560376873,0.223975522422708,2.1202261587903,-1.98532893625627,1.64312748007776,-0.557779743770104,-1.98532893625627,2.1202261587903,-1.98532893625627,0.673295904990267,2.1202261587903,-1.98532893625627,1.64312748007776,0.0827238880133266,-0.197469560376873,0.223975522422708,0.671229566410333,0.561532010873164,-0.557779743770104,0.673295904990267,1.64312748007776,0.671229566410333,0.570626603907423,1.05356742815713,0.561532010873164,0.673295904990267,2.1202261587903,1.64312748007776,0.671229566410333,0.570626603907423,1.32929158534268,1.05356742815713,0.561532010873164,0.673295904990267,0.671229566410333,0.570626603907423,0.561532010873164,0.673295904990267,2.1202261587903,-1.98532893625627,1.64312748007776,0.671229566410333,-0.557779743770104,-1.98532893625627,0.570626603907423,1.05356742815713,0.561532010873164,-0.147679661178683,-1.23634512165728,0.282898620352962,2.1202261587903,-1.98532893625627,0.570626603907423,0.561532010873164,-0.147679661178683,5.26598278048008,-1.23634512165728,0.282898620352962,0.0827238880133266,-0.197469560376873,0.223975522422708,2.1202261587903,-1.98532893625627,1.64312748007776,1.32929158534268,-2.84350616223086,1.05356742815713,5.26598278048008,-1.23634512165728,3.31411707537316,1.42502204524014,-78.410994502738,1.25631637206857,-0.557779743770104,-1.98532893625627,-2.84350616223086,-1.23634512165728,-78.410994502738,2.1202261587903,-1.98532893625627,1.32929158534268,-2.84350616223086,5.26598278048008,-1.23634512165728,1.42502204524014,-78.410994502738,0.673295904990267,2.1202261587903,-1.98532893625627,1.64312748007776,0.570626603907423,1.32929158534268,-2.84350616223086,1.05356742815713,0.684354052054922,5.26598278048008,-1.23634512165728,3.31411707537316,1.42502204524014,-78.410994502738,1.25631637206857,0.570626603907423,1.32929158534268,-2.84350616223086,1.05356742815713,0.561532010873164,0.282898620352962,1.42502204524014,-78.410994502738,1.25631637206857,-78.410994502738,0.673295904990267,2.1202261587903,-1.98532893625627,1.64312748007776,0.671229566410333,0.570626603907423,1.32929158534268,-2.84350616223086,1.05356742815713,0.561532010873164,1.42502204524014,-78.410994502738,1.25631637206857],"k2":[0.0827238880133266,-0.197469560376873,-0.197469560376873,0.673295904990267,0.673295904990267,0.673295904990267,2.1202261587903,0.570626603907423,0.570626603907423,0.570626603907423,0.570626603907423,0.570626603907423,0.570626603907423,1.32929158534268,1.32929158534268,1.05356742815713,1.05356742815713,0.561532010873164,0.561532010873164,0.561532010873164,0.561532010873164,0.684354052054922,0.684354052054922,0.684354052054922,0.684354052054922,0.684354052054922,5.26598278048008,5.26598278048008,5.26598278048008,5.26598278048008,5.26598278048008,5.26598278048008,5.26598278048008,-1.23634512165728,-1.23634512165728,-1.23634512165728,-1.23634512165728,-1.23634512165728,-1.23634512165728,-1.23634512165728,-1.23634512165728,3.31411707537316,3.31411707537316,3.31411707537316,3.31411707537316,0.282898620352962,0.282898620352962,0.282898620352962,0.282898620352962,0.282898620352962,1.42502204524014,1.42502204524014,1.42502204524014,1.42502204524014,1.42502204524014,1.42502204524014,1.42502204524014,1.42502204524014,1.25631637206857,1.25631637206857,1.25631637206857,1.25631637206857,1.25631637206857,1.25631637206857,1.25631637206857,1.25631637206857,0.353146491222478,0.353146491222478,0.353146491222478,0.353146491222478,0.353146491222478,0.353146491222478,0.353146491222478,0.353146491222478,0.353146491222478,0.353146491222478,0.353146491222478,0.353146491222478,0.353146491222478,0.353146491222478,0.353146491222478,0.54908630075785,0.54908630075785,0.54908630075785,0.54908630075785,0.54908630075785,0.422776673105074,0.422776673105074,0.422776673105074,0.422776673105074,0.422776673105074,0.422776673105074,0.422776673105074,0.422776673105074,0.334818997683883,0.334818997683883,0.334818997683883,0.334818997683883,0.334818997683883,0.334818997683883,0.334818997683883,0.334818997683883,0.334818997683883,0.334818997683883,0.334818997683883,0.334818997683883,0.334818997683883,0.334818997683883,0.334818997683883,-0.279204912393747,-0.279204912393747,-0.279204912393747,-0.279204912393747,-0.279204912393747,-0.279204912393747,-0.279204912393747,-0.279204912393747,-0.279204912393747,-0.330943323674967,-0.0416982892734716,-0.0416982892734716,-0.0416982892734716,-0.0416982892734716,-0.0416982892734716,-0.0416982892734716,-0.0416982892734716,-0.0416982892734716,-0.0416982892734716,-0.0416982892734716,-0.0416982892734716,-0.0416982892734716,-0.0416982892734716],"X":[0.662731224405241,0.686437018995762,0.714353893280961,0.748061495035292,0.748602095601365,0.74753334528573,0.393943311046342,0.739406760499962,0.743176778308277,0.735195598544926,0.304003126571769,0.248703661096137,0.319317982026823,0.387940446269938,0.236481789167552,0.353216839514376,0.240217729347452,0.740864027729999,0.303368906371713,0.248894338636405,0.318275228313284,0.748817455599357,0.749111075664132,0.748533932859043,0.707381453818451,0.745215032850744,0.401679512648499,0.364571135792436,0.390001188903711,0.36452841481012,0.373855917180932,0.394326121004135,0.373510746597427,0.361081507113286,0.321635818225355,0.330261609548763,0.361180628588118,0.336757034983323,0.294929648245565,0.306925137643698,0.337472567072989,0.365328619032161,0.365253754859179,0.38119074278233,0.380576576378232,0.351489757010209,0.286981023228058,0.255477221137683,0.293085858322834,0.351925627019706,0.388921743049458,0.241303851177905,0.219167046319537,0.250189490311412,0.218915733992626,0.208268937316424,0.299006381292863,0.213155905332245,0.337331759718811,0.251518696190876,0.262011932170539,0.261138765582316,0.227884182928408,0.392982265445495,0.316195898885268,0.242294665344873,0.699369664354952,0.725002531775462,0.644286783274002,0.363716657925927,0.198437962454865,0.39853456857138,0.327620447212093,0.154901946697622,0.379706646785709,0.392241828911611,0.274853441000765,0.411157874552639,0.334822942158326,0.0410839456573707,0.388954625074953,0.373613839089339,0.183599184244927,0.146331159821287,0.245403718515959,0.0409981338212623,0.378369715790406,0.192888189281773,0.352285722450984,0.151738405836616,0.39778754342061,0.263591300006903,0.357632676667665,0.0410534022612687,0.746810213334547,0.360049805797327,0.199954107082692,0.393042783431873,0.728358150771823,0.321702465104261,0.155757672163544,0.370190270573067,0.7481509816763,0.390808167559557,0.277983721252562,0.408668596055853,0.329303534857484,0.0410919940230108,0.381348121872867,0.206800547226203,0.201379060506835,0.191496727501922,0.202635437687338,0.206924887445356,0.212684297979329,0.213000355534164,0.0413638198232389,0.231455289641964,0.0413869194980317,0.356963242878999,0.298476728487522,0.237429099133308,0.306660695590093,0.35721652501228,0.28449117260563,0.235138802821901,0.175815015073624,0.245166361502239,0.285835770238566,0.246438495217484,0.0412581714912886,0.272616279646841],