{"k1":[-0.197469560376873,0.282898620352962,-0.0416982892734716,-0.0416982892734716,0.282898620352962,-0.0416982892734716,-0.0416982892734716,0.282898620352962,-0.0416982892734716,-0.0416982892734716,0.282898620352962,-0.0416982892734716,-0.0416982892734716,0.282898620352962,-0.0416982892734716,-0.0416982892734716],"k2":[0.146488519031574,0.673295904990267,0.673295904990267,0.570626603907423,2.1202261587903,2.1202261587903,1.32929158534268,-1.98532893625627,-1.98532893625627,-2.84350616223086,1.64312748007776,1.64312748007776,1.05356742815713,0.671229566410333,0.671229566410333,0.561532010873164],"X":[0.686437018995762,0.351489757010209,0.356963242878999,0.28449117260563,0.286981023228058,0.298476728487522,0.235138802821902,0.255477221137683,0.237429099133308,0.175815015073624,0.293085858322834,0.306660695590093,0.245166361502239,0.351925627019706,0.35721652501228,0.285835770238566],"Y":[0.858527191962684,0.578877370220047,0.582562645841526,0.585584607192032,0.56062793843236,0.585001433437218,0.587642516583605,0.55171555628512,0.58754701514549,0.590116217045931,0.562354987858155,0.584660176009571,0.587224384541046,0.579000677244387,0.582552084409864,0.585528539770977]}
