{"k1":[-5.56057236621785,-71.0589600736063,0.483285125844426,0.773829324832293,1.08945938129836,0.384160327945033,-3.025231355001,1.34851552262851,1.21182944497888,2.36904854003453,1.69324681567012,0.719118772003399,1.47333523987674,3.26112683487133,0.746802515294214,0.427926568935819,0.773829324832293,1.08945938129836,0.384160327945033,1.34851552262851,1.21182944497888,2.36904854003453,1.69324681567012,1.47333523987674,3.26112683487133,0.427926568935819,1.69324681567012,1.47333523987674,3.26112683487133,1.69324681567012,0.994652453846027,0.719118772003399,1.47333523987674,0.946396584012311,0.746802515294214,1.47333523987674,0.946396584012311,-2.5806896176126,0.796885822116389,0.811187668215377,-0.44415065594929,-1.69717714890451,4.87465189045795,-3.025231355001,1.34851552262851,1.21182944497888,-1.37006613351554,1.69324681567012,0.994652453846027,0.719118772003399,1.47333523987674,0.946396584012311,0.746802515294214,-0.44415065594929,-1.69717714890451,4.87465189045795,1.34851552262851,1.21182944497888,-1.37006613351554,1.69324681567012,0.994652453846027,1.47333523987674,0.946396584012311,1.69324681567012,1.47333523987674,3.26112683487133,0.852093807053725,1.47333523987674,0.946396584012311,0.746802515294214,1.47333523987674,0.946396584012311,-3.025231355001,0.719118772003399,0.746802515294214,-3.025231355001,1.34851552262851,1.21182944497888,-1.37006613351554,1.69324681567012,0.994652453846027,0.719118772003399,1.47333523987674,0.946396584012311,0.746802515294214,0.719118772003399,0.746802515294214,0.427926568935819,0.746802515294214,0.746802515294214,0.427926568935819,1.34851552262851,1.21182944497888,2.36904854003453,1.69324681567012,1.47333523987674,3.26112683487133,0.427926568935819,0.427926568935819,0.719118772003399,0.746802515294214,0.427926568935819,1.69324681567012,1.47333523987674,3.26112683487133,1.69324681567012,0.994652453846027,0.719118772003399,1.47333523987674,0.946396584012311,0.746802515294214,1.47333523987674,0.946396584012311,0.719118772003399,0.746802515294214,0.427926568935819,3.26112683487133,0.946396584012311,0.746802515294214,0.746802515294214,0.427926568935819,0.946396584012311],"k2":[-0.307792841298121,-0.307792841298121,-0.307792841298121,-0.307792841298121,-0.307792841298121,-0.307792841298121,-0.307792841298121,-0.307792841298121,-0.307792841298121,-0.307792841298121,-0.307792841298121,-0.307792841298121,-0.307792841298121,-0.307792841298121,-0.307792841298121,-0.307792841298121,-0.332377643555993,-0.332377643555993,-0.332377643555993,-0.332377643555993,-0.332377643555993,-0.332377643555993,-0.332377643555993,-0.332377643555993,-0.332377643555993,-0.332377643555993,0.0353068207730145,0.0353068207730145,0.0353068207730145,-0.945245145250691,-0.945245145250691,-0.945245145250691,-0.945245145250691,-0.945245145250691,-0.945245145250691,-5.58178101118061,-5.58178101118061,0.614382901121218,0.614382901121218,0.614382901121218,0.614382901121218,0.614382901121218,0.614382901121218,0.614382901121218,0.614382901121218,0.614382901121218,0.614382901121218,0.614382901121218,0.614382901121218,0.614382901121218,0.614382901121218,0.614382901121218,0.614382901121218,0.70799305205338,0.70799305205338,0.70799305205338,0.70799305205338,0.70799305205338,0.70799305205338,0.70799305205338,0.70799305205338,0.70799305205338,0.70799305205338,1.08844565249542,1.08844565249542,1.08844565249542,-0.101167739704802,-0.101167739704802,-0.101167739704802,-0.101167739704802,0.483148610852241,0.483148610852241,-0.136142308743937,-0.136142308743937,-0.136142308743937,0.295374203758785,0.295374203758785,0.295374203758785,0.295374203758785,0.295374203758785,0.295374203758785,0.295374203758785,0.295374203758785,0.295374203758785,0.295374203758785,-1.84205069183075,-1.84205069183075,-1.84205069183075,0.658575529802971,-4.82508983496744,-4.82508983496744,0.357235530362821,0.357235530362821,0.357235530362821,0.357235530362821,0.357235530362821,0.357235530362821,0.357235530362821,-5.56057236621785,-2.5806896176126,-2.5806896176126,-71.0589600736063,0.773829324832293,0.773829324832293,0.773829324832293,-0.44415065594929,-0.44415065594929,-0.44415065594929,-0.44415065594929,-0.44415065594929,-0.44415065594929,-1.69717714890451,-1.69717714890451,-3.025231355001,-3.025231355001,-3.025231355001,1.34851552262851,1.34851552262851,-0.259899260493805,-4.38472097712691,-4.38472097712691,1.69324681567012],"X":[0.298964059612457,0.296604360204388,0.27949008453786,0.49360164135465,0.571968002279178,0.298237304797168,0.267956089705422,0.437600117571467,0.447080662118302,0.397416495665524,0.49048973969448,0.249435967723981,0.513769871671054,0.407655755611328,0.246789561849033,0.289337081777377,0.501322827898022,0.576620159140955,0.316860496409828,0.443500562017539,0.453352450083646,0.401453593999605,0.494744099778954,0.518225396399321,0.41062060316567,0.307176038791112,0.417949674706998,0.435690976936116,0.361562859457084,0.575177057482203,0.514162760146873,0.476013271872744,0.600021639316592,0.51609596926293,0.470656806164183,0.758403306159141,0.746868712332261,0.278092470065724,0.617189123237856,0.593878405179264,0.653036036871839,0.754664902148104,0.887102315414268,0.255403389099497,0.712929927882217,0.800034957019691,0.391418288562844,0.723051157855372,0.683454308665161,0.522581935760182,0.830866039490845,0.719074075481971,0.444401748692955,0.674872596506483,0.761169789562588,0.886322823919774,0.682404568494703,0.777412010671192,0.415310260474908,0.704167973206189,0.605621885816702,0.819744006056027,0.63947364393639,0.567266884837782,0.718866412814895,0.375796000464197,0.853218270257689,0.872191128011489,0.857546991377249,0.84724753712739,0.842917707893041,0.776504094618996,0.265012596338172,0.255662166675205,0.252306065863299,0.258956988238337,0.563135172540963,0.597578470621401,0.424556693895363,0.607887726497216,0.471304041885144,0.293594030170235,0.665005127673257,0.473744440792825,0.284703697619512,0.230852079384737,0.229972765043165,0.241400440870918,0.557598582504602,0.223784242001274,0.228346800213173,0.545824890008316,0.579992774811764,0.437458886560368,0.59711619744152,0.655277030732679,0.437742006144789,0.412152172455944,0.297781333434853,0.285852562194591,0.284710851005357,0.296529567776721,0.486828832818117,0.544955319131438,0.370281466957685,0.688376579987892,0.661075456950069,0.641290500058301,0.732696334234649,0.66880359354288,0.629838422884163,0.7753092451155,0.750194952514611,0.262876829567504,0.262038295019559,0.272511459376862,0.381724142193826,0.707856948529788,0.728215933192723,0.217077440886682,0.221613105584645,0.724819177345737],