{"k1":[-0.040647544236096,-0.353560338281537,-0.884346328236637,1.2827811925637,0.924731184666895,-0.959954937499239,-1.11376092574524,-1.99874782355264,-1.93060682700373,0.593165816881559,-0.823901803541565,-2.80114873713757,-1.11376092574524,-1.99874782355264,-1.93060682700373,0.593165816881559,-0.823901803541565,-2.80114873713757,5.41628916514858,1.71558657911568,7.11768010649868,0.593165816881559,-2.63061178620825,-1.93060682700373,1.71558657911568,0.593165816881559,1.71558657911568,7.11768010649868,0.593165816881559,-0.040647544236096,-0.353560338281537,-0.884346328236637,-0.959954937499239,23.0641761727641,-1.37660487360802,-1.11376092574524,5.41628916514858,-4.48965664864689,-1.99874782355264,-19.859384328522,-2.63061178620825,-1.93060682700373,7.11768010649868,-6.85074034161969,-2.80114873713757,23.0641761727641,-1.37660487360802,-1.11376092574524,5.41628916514858,-4.48965664864689,-1.99874782355264,-19.859384328522,-2.63061178620825,-1.93060682700373,7.11768010649868,-6.85074034161969,-2.80114873713757,-19.859384328522,-19.859384328522,-2.63061178620825,-1.93060682700373,7.11768010649868,5.41628916514858,-4.48965664864689,-1.99874782355264,-2.63061178620825,-1.93060682700373,7.11768010649868,-6.85074034161969,-2.80114873713757,-6.85074034161969,-2.80114873713757,7.11768010649868,-6.85074034161969,-2.80114873713757,-0.823901803541565,-2.80114873713757,-2.80114873713757,5.41628916514858,-4.48965664864689,-1.99874782355264,-2.63061178620825,-1.93060682700373,7.11768010649868,-6.85074034161969,-2.80114873713757,-6.85074034161969,-2.80114873713757,7.11768010649868,-6.85074034161969,-2.80114873713757,-0.823901803541565,-2.80114873713757,-2.80114873713757,-2.63061178620825,-1.93060682700373,7.11768010649868,7.11768010649868],"k2":[4.6034684520892,4.6034684520892,4.6034684520892,4.6034684520892,4.6034684520892,4.6034684520892,4.6034684520892,4.6034684520892,4.6034684520892,4.6034684520892,4.6034684520892,4.6034684520892,3.19285653162316,3.19285653162316,3.19285653162316,3.19285653162316,3.19285653162316,3.19285653162316,-3.44926687111845,-3.44926687111845,-3.44926687111845,-3.44926687111845,-7.72946300038601,-7.72946300038601,-7.72946300038601,-7.72946300038601,-4.01320243278501,-4.01320243278501,-4.01320243278501,0.8449822769842,0.8449822769842,0.8449822769842,0.8449822769842,0.8449822769842,0.8449822769842,0.8449822769842,0.8449822769842,0.8449822769842,0.8449822769842,0.8449822769842,0.8449822769842,0.8449822769842,0.8449822769842,0.8449822769842,0.8449822769842,0.672669511198663,0.672669511198663,0.672669511198663,0.672669511198663,0.672669511198663,0.672669511198663,0.672669511198663,0.672669511198663,0.672669511198663,0.672669511198663,0.672669511198663,0.672669511198663,1.69580391144266,1.50472990465933,1.50472990465933,1.50472990465933,1.50472990465933,0.174874950080187,0.174874950080187,0.174874950080187,0.174874950080187,0.174874950080187,0.174874950080187,0.174874950080187,0.174874950080187,-0.113514654061989,-0.113514654061989,-0.796324161587423,-0.796324161587423,-0.796324161587423,1.6450610616334,1.6450610616334,1.57233573650356,-0.040647544236096,-0.040647544236096,-0.040647544236096,-0.040647544236096,-0.040647544236096,-0.040647544236096,-0.040647544236096,-0.040647544236096,-0.353560338281537,-0.353560338281537,-0.884346328236637,-0.884346328236637,-0.884346328236637,1.2827811925637,1.2827811925637,0.924731184666895,0.949840701445625,0.949840701445625,0.949840701445625,-1.84021098613913],"X":[0.239644741377692,0.236129658722408,0.23108379768468,0.261837242331251,0.254257513638681,0.230443375432158,0.2962457854464,0.290777662914151,0.291146055906682,0.313608949900452,0.298424441464838,0.286949628644004,0.272976090192745,0.26998889180412,0.270182225862683,0.28448202775477,0.27424065206272,0.268042914297647,0.497990785861401,0.451479450359042,0.508442492643798,0.420541360260101,0.432066429322489,0.453084773462356,0.413326781042024,0.393154249191511,0.443191785993004,0.501291059186601,0.414021866005638,0.30192522265423,0.271127214420433,0.244372922095761,0.241842245506414,0.550735424626078,0.445812718834556,0.433012918960332,0.503757969058148,0.414026032039121,0.377754915129216,0.575962734654088,0.426159448304451,0.380757457608049,0.519800571600495,0.4070664325155,0.350839877074887,0.552578677030438,0.416849920802309,0.398554096626923,0.514165214451135,0.401467745323151,0.351147335854752,0.574164268157985,0.407166445931072,0.353652162993272,0.527031540097144,0.398289933405242,0.329043183136107,0.584421441958706,0.582580482853843,0.484247681212407,0.459401435782494,0.488010661494536,0.468115235332386,0.441185951546353,0.424857274750214,0.474214921943403,0.430339832727457,0.491343976280707,0.424434964531683,0.379181989310826,0.432973171104127,0.395729382170369,0.458654727921762,0.456431588566037,0.453887392841753,0.386441253184714,0.328189938231936,0.329906362441265,0.471001661145195,0.436341072859282,0.412051951751493,0.468640936376373,0.417698030235788,0.492844987035184,0.420739695665174,0.366532779784372,0.432143303694863,0.389873818897915,0.46027753492447,0.454222309385442,0.446893779084397,0.356095503627129,0.307368779491467,0.319228098252517,0.488713038872537,0.460165583572474,0.48507996941813,0.475846571001705],"Y":[0.393298333946146,0.377116761836062,0.353888299735257,0.495460811958815,0.460567770047173,0.350940136099756,0.653859454671756,0.628687125102388,0.630383010621478,0.733790234464423,0.663888828920591,0.61106489010625,0.679776331999276,0.670238636112897,0.670855924024568,0.716513139896633,0.683813896625466,0.664025409120966,0.530075147092801,0.690505155772561,0.494024421141633,0.797218885006518,0.480203530310744,0.317743016952265,0.625050948334846,0.780973786897492,0.676286950013971,0.443122805490389,0.793351743871415,0.390766785328413,0.364743014204441,0.342136111356839,0.339997734490062,0.601006996327483,0.512349169480421,0.501533565437756,0.56131187895477,0.48548998249423,0.454841531538938,0.622323626197139,0.495742504197705,0.457378626719445,0.574867593779756,0.479609244241863,0.432098801398675,0.643520094512515,0.552219498404937,0.539912455299904,0.617680529415847,0.5418723779442,0.508023372703776,0.658040063545217,0.545705720096597,0.509708293550681,0.626335314399071,0.539734760754698,0.493154583099064,0.454338906912252,0.490899221308826,0.342934914070023,0.305548025553128,0.348597183031186,0.368260526459651,0.363551269301874,0.360695792762273,0.369327208851258,0.361654554814856,0.372322651373414,0.360621941283889,0.352708329501162,0.302128905072963,0.306356620889737,0.13965103863256,0.1414213782161,0.143447382743156,0.591371619002608,0.49554464898485,0.490736689478495,0.38389424331557,0.385303111111171,0.386290404235855,0.38399020098004,0.386060905010905,0.383006365760193,0.385937268780812,0.388140646791979,0.307814111211804,0.322758924555599,0.151201659752417,0.156556576224501,0.163037535087602,0.616373536792923,0.553867811496456,0.520648095725628,0.331188291579652,0.304072756612953,0.327737454340678,0.262017078116718]}
