{"k1":[-1.18340178740076,-0.898389402516244,-1.18340178740076],"k2":[-0.151215221069413,0.154700657765753,0.154700657765753],"X":[0.219373690685921,0.220013390421904,0.273152241022724],"Y":[0.53479397289556,0.462931725162302,0.471152340303165],"dol_1":[0.604477563924646,0.464491539888371,0.604477563924646],"dol_2":[0.334400429015033,0.313050063895192,0.313050063895192]}
