{"k1":[1.30015910068356,1.96860718182965,7.1160151023886,-0.59831975111137,-1.71703936548022,-0.59831975111137,7.1160151023886,-1.28370424070726,7.1160151023886,-1.71703936548022,-1.28370424070726,-0.59831975111137,-0.59831975111137,7.1160151023886,-1.28370424070726,-1.71703936548022,-0.59831975111137,-1.71703936548022,-0.59831975111137],"k2":[-2.34279608672247,-2.34279608672247,-2.34279608672247,-2.34279608672247,2.29168735724505,2.29168735724505,-0.167261828100046,-0.167261828100046,1.04846228746223,1.04846228746223,2.41297326033731,2.41297326033731,-10.1508213788907,1.30015910068356,1.30015910068356,1.30015910068356,1.30015910068356,1.96860718182965,1.96860718182965],"X":[0.569541241021563,0.523335760544799,0.547290203642183,0.550739379896537,0.345525721499953,0.478643471472113,0.55968903754124,0.61735856674092,0.522491155171898,0.378793975542899,0.649961881348697,0.615365824510817,0.584187105222116,0.533352524988755,0.643886243105857,0.369845263365895,0.586817915853649,0.352012824570595,0.504712337783626],"Y":[0.608818531434229,0.717068550280322,0.660948174732153,0.652867458101039,0.390939599449582,0.696003864085688,0.749178464009849,0.739532553130242,0.484477771292738,0.333816697637046,0.697679539907125,0.61420017984421,0.632855023408997,0.561767442942121,0.705478862484462,0.349181988715313,0.631280957446717,0.379800988109361,0.680406346482428]}
